지리정보(WKT),지형지물부호,관리번호,행정읍면동,도엽번호,도로구간번호,터널명,총연장,총면적,일반제원_터널높이,폭원_계,폭원_차도,왕복차로수,라벨,대장초기화여부
"MULTIPOLYGON (((233075.466602563 409908.323785327,233307.460102563 409811.430085327,233330.610102563 409799.820085327,233327.250102563 409792.510085327,233298.680102563 409802.410085327,233045.25908852 409908.074936904,232706.720092773 410049.660095215,232674.910095215 410063.854125977,232678.252075195 410073.304077148,232711.780090332 410060.220092773,233075.466602563 409908.323785327)))",터널,1,대전광역시 중구 ,36710085,13780,안영1터널,707.14,8244.85,4.5,13.59,13.59,5,안영1터널,1
"MULTIPOLYGON (((232997.815693164 409908.063196802,233296.630102563 409783.510085327,233324.270102563 409770.170085327,233320.260102563 409762.400085327,233289.800102563 409773.680085327,232967.653302563 409907.961985327,232693.989074707 410023.118103027,232681.937072754 410028.542114258,232685.518127441 410037.74407959,232703.546081543 410029.639099121,232997.815693164 409908.063196802)))",터널,2,대전광역시 중구 ,36710085,13780,안영1터널,691.63,7711.45,4.5,11.08,11.08,2,안영1터널,1
"MULTIPOLYGON (((233895.850102563 408047.110085327,233886.610102563 408044.000085327,233886.022102563 408053.855085327,233885.426102563 408063.848085327,233883.320129395 408070.220092773,233894.130126953 408070.260070801,233894.483102563 408068.891085327,233895.106102563 408058.975085327,233895.850102563 408047.110085327)))",터널,3,대전광역시 중구 ,36710096,33600,샛고개굴길,27,237.2,4.5,9.76,9.76,2,샛고개굴길,1
"MULTIPOLYGON (((233884.798078089 408223.241806802,233876.136321264 408219.629609162,233869.689945798 408327.730160578,233878.610093488 408327.120135625,233878.93009517 408316.760174259,233884.798078089 408223.241806802)))",터널,4,대전광역시 중구 ,36710096,16670,샛고개굴길,109.1,925.8,0,9.5,9.5,2,샛고개굴길,1
"MULTIPOLYGON (((233847.510025925 408323.52010184,233866.983254476 408024.802065831,233854.661759056 408024.754123973,233839.650109713 408320.219933044,233839.210112636 408327.1200011,233847.27005574 408328.610031286,233847.510025925 408323.52010184)))",터널,5,대전광역시 중구 ,36710096,16670,샛고개굴길,102.39,821.31,0,9.26,9.26,2,샛고개굴길,1
"MULTIPOLYGON (((239116.360078263 409013.910012591,239116.040090827 408999.040140952,238500.820035274 409005.209951151,238500.950151738 409020.310131934,239116.360078263 409013.910012591)))",터널,6,대전광역시 중구 ,36710088,13460,구완터널,615.59,9221.93,0,14.61,14.61,2,구완터널,1
"MULTIPOLYGON (((239117.000119509 409051.890114009,239116.669981258 409037.00998552,238501.150161755 409044.620043491,238501.279995106 409058.689978724,239117.000119509 409051.890114009)))",터널,7,대전광역시 중구 ,36710088,13460,구완터널,616.91,8912.78,0,13.09,13.09,2,구완터널,1
"MULTIPOLYGON (((234927.280103597 409509.600135761,234916.020129997 409488.400156295,234840.430017382 409519.750143244,234761.270026136 409549.620064872,234742.730003557 409554.910017375,234689.780151838 409565.38015271,234630.109981247 409571.870096789,234575.530086242 409574.97007018,234336.1700163 409573.799958154,234336.440104184 409604.799972806,234401.720039525 409600.830066623,234563.159980423 409598.260152066,234592.100040765 409597.270123277,234656.899939205 409592.380144574,234702.869967425 409586.180002996,234744.339994645 409576.780065024,234791.329990626 409563.310083259,234927.280103597 409509.600135761)))",터널,8,대전광역시 중구 ,36710086,13460,안영2터널,589.64,1667.3,0,24.85,24.85,1,안영2터널,1
"MULTIPOLYGON (((223697.760102563 413677.690085327,223680.750102563 413605.350085327,223671.480102563 413611.390085327,223687.460102563 413679.990085327,223704.560102563 413755.460085327,223729.630102563 413840.360085327,223757.610102563 413911.100085327,223810.970102563 414015.990085327,223823.940102563 414044.780085327,223837.210102563 414076.550085327,223843.120102563 414103.690085327,223844.420102563 414118.580085327,223844.130102563 414140.110085327,223727.888702563 416021.685685327,223737.318902563 416039.844885327,223854.680102563 414140.140085327,223854.980102563 414118.150085327,223853.580102563 414102.110085327,223847.320102563 414073.360085327,223833.620102563 414040.580085327,223820.500102563 414011.430085327,223767.240102563 413906.750085327,223739.620102563 413836.910085327,223714.780102563 413752.790085327,223697.760102563 413677.690085327)))",터널,9,대전광역시 유성구 ,36710071,15320,계룡1터널,2465.77,25892.76,4.5,12.64,12.64,2,계룡1터널,1
"MULTIPOLYGON (((223732.010102563 413748.300085327,223715.120102563 413673.760085327,223705.120102563 413676.190085327,223722.060102563 413750.900085327,223746.670102563 413834.240085327,223775.450102563 413895.630085327,223836.520102563 414003.300085327,223850.090102563 414033.430085327,223864.520102563 414067.950085327,223871.360102563 414099.400085327,223872.940102563 414117.410085327,223872.630102563 414140.180085327,223753.067502563 416070.171285327,223762.152502563 416087.665285327,223883.100102563 414140.210085327,223883.220102563 414116.990085327,223881.550102563 414097.860085327,223874.370102563 414064.850085327,223859.520102563 414029.340085327,223845.700102563 413998.640085327,223784.590102563 413890.900085327,223756.310102563 413830.580085327,223732.010102563 413748.300085327)))",터널,10,대전광역시 유성구 ,36710071,15310,계룡1터널,2449.62,25151.14,4.5,12.25,12.25,2,계룡1터널,1
"MULTIPOLYGON (((228817.740112305 421727.120117188,228814.740112305 421720.300109863,228799.690124512 421728.650085449,228797.720092773 421729.740112305,228708.330078125 421779.310119629,228536.940124512 421874.350097656,228538.900085449 421877.130126953,228543.480102539 421883.870117188,228547.740112305 421890.530090332,228552.370117188 421897.450073242,228708.240112305 421808.770080566,228807.410095215 421752.350097656,228809.380126953 421751.230102539,228824.380126953 421742.700073242,228822.660095215 421738.620117188,228819.810119629 421732.240112305,228817.740112305 421727.120117188)))",터널,11,대전광역시 유성구 ,36710043,13960,유성터널,318.24,8186.95,0,31.55,31.55,4,유성터널,1
"MULTIPOLYGON (((227613.010070801 419117.110107422,227612.67010498 419113.940124512,227610.730102539 419114.120117188,227600.130126953 419115.120117188,227590.690124512 419116.010070801,227589.620117188 419116.110107422,227587.610107422 419116.300109863,227587.770080566 419117.530090332,227588.860107422 419128.100097656,227589.530090332 419136.030090332,227590.150085449 419144.650085449,227590.400085449 419148.25012207,227591.160095215 419161.640075684,227591.390075684 419165.850097656,227616.870117188 419164.120117188,227616.860107422 419163.770080566,227616.17010498 419152.740112305,227615.630126953 419144.730102539,227615.490112305 419142.520080566,227614.610107422 419132.630126953,227613.650085449 419123.260070801,227613.010070801 419117.110107422)))",터널,12,대전광역시 유성구 ,36710053,43400,무명,50.46,1267.69,0,25.62,25.62,2,이름없음,1
"MULTIPOLYGON (((233177.910083091 428818.936083807,233176.734138631 428809.529987788,233162.237972999 428810.726156963,233163.733954514 428820.923048051,233164.499063998 428826.135030627,233171.566056479 428882.702120703,233181.789046233 428964.530115101,233187.496099057 429011.095103716,233194.397076434 429078.298060046,233196.868018058 429114.818002242,233197.927979493 429144.389074751,233198.083973836 429162.112021783,233196.438988557 429210.857027941,233192.680007214 429251.711118858,233187.508066679 429287.927111997,233176.323991738 429342.657012367,233162.175077033 429393.447065854,233150.808974622 429426.793125314,233132.382105016 429472.516043609,233116.946062597 429505.439021784,233092.786034904 429550.220014252,233067.208081412 429591.128006608,233036.419072631 429633.895171358,233009.997967789 429666.237145837,232985.327995973 429693.489033116,232961.31692113 429717.690038016,232958.04199539 429720.801982288,232957.079979834 429721.651956111,232967.019064061 429731.902041738,232967.944060951 429731.014059838,232972.031121704 429727.093982483,232978.351114786 429720.901115363,232989.678030023 429709.462976223,232997.758077902 429701.012073727,233006.602933531 429691.465070143,233016.686105926 429680.183949009,233023.824947831 429671.927048927,233030.472940547 429664.02515492,233042.54214037 429649.120988988,233050.139041942 429639.34701812,233057.506133884 429629.556048458,233065.351992616 429618.769137232,233074.153122884 429606.195018282,233080.557044977 429596.704982713,233089.843990988 429582.393042963,233097.755069914 429569.640033,233104.878138571 429557.673071855,233109.483992443 429549.668945918,233115.058937743 429539.682000672,233121.736022516 429527.250929623,233127.908005255 429515.26102746,233133.561147337 429503.815066704,233137.931001884 429494.634016256,233142.92211238 429483.757065166,233147.823080332 429472.630140328,233154.769036505 429456.00207722,233160.215095976 429442.163024422,233164.429107597 429430.894077501,233168.450063959 429419.619927447,233173.339090766 429405.124107189,233177.611051015 429391.63211483,233180.136061023 429383.234032669,233182.85394876 429373.795107644,233185.458048304 429364.305971331,233188.089083703 429354.214118237,233190.846000526 429342.998039479,233193.138969558 429333.084109412,233196.071027644 429319.463115536,233198.531025475 429307.010971602,233200.970001286 429293.481060195,233202.131006153 429286.515115801,233203.93806311 429274.808103845,233205.283092495 429265.229001853,233206.529960157 429255.480118758,233208.275165303 429239.804097802,233210.363062865 429215.418948744,233211.206101018 429201.630053672,233211.954035447 429183.262117826,233212.282113696 429162.979991275,233212.126054183 429144.112156637,233211.428125542 429122.087970502,233210.428996147 429103.087109059,233208.873031081 429081.115097386,233206.571033801 429055.191137614,233204.092017213 429031.301125514,233201.363923394 429007.444036431,233198.963058636 428987.582143063,233196.126979297 428964.754932554,233191.012033749 428923.812004277,233184.37308751 428870.666986926,233179.325162163 428830.265037226,233177.910083091 428818.936083807)))",터널,13,대전광역시 유성구 ,36710015,47030,둔곡1터널,997,14146.28,0,14.74,14.74,3,둔곡1터널,1
"MULTIPOLYGON (((234029.448067891 427359.70815516,234029.503063001 427359.675026012,234017.027095601 427361.267056582,234008.54506886 427362.349965941,233988.962015244 427364.917984849,233965.886103524 427368.445113067,233938.699944466 427373.303109698,233922.069092822 427376.654159626,233906.557127487 427380.042022991,233884.47202424 427385.309026034,233859.980119101 427391.768065045,233841.493116346 427397.080131527,233813.575071624 427405.831992923,233795.864157899 427411.846979867,233777.472930838 427418.484106294,233758.896143762 427425.600074862,233735.177160963 427435.303098761,233715.794087513 427443.759059267,233699.243019358 427451.36613307,233677.521957069 427461.905064691,233660.573992376 427470.578935434,233628.544975909 427488.097022728,233620.461005751 427492.86896391,233602.777986095 427503.30717572,233581.31402078 427516.782087252,233559.770978366 427531.075937012,233539.550007994 427545.232978841,233521.829167806 427558.25809393,233499.939112746 427575.189066065,233483.266973513 427588.744039964,233469.55401915 427600.345116431,233458.123164065 427610.339134582,233447.244154515 427620.138129192,233436.13703077 427630.442156398,233424.630084383 427641.451011384,233404.206968265 427661.87206682,233383.785136023 427683.512046687,233358.885967123 427711.719017519,233344.67193427 427728.81303107,233328.895047846 427748.722142782,233314.642993957 427767.630930278,233298.720004242 427789.902088435,233284.008105804 427811.676110562,233270.55796932 427832.71195682,233258.721009907 427852.225114753,233247.323054373 427872.005060749,233239.829017486 427885.599006482,233230.522022066 427903.204062725,233220.131074379 427923.91402181,233210.418092535 427944.416005486,233203.896101461 427958.891162485,233196.460971139 427976.173981148,233189.769118055 427992.538060803,233184.048031349 428007.213052832,233178.926023624 428020.957153505,233171.601086369 428041.761940193,233166.796962399 428056.249103969,233158.968989392 428080.917026041,233155.290137263 428092.511090857,233169.536973623 428096.335953513,233172.94196615 428084.537982498,233174.002057234 428080.864113995,233180.270033571 428060.737038018,233186.461977942 428042.19204062,233186.594972111 428041.818170854,233192.605022591 428024.897121248,233202.359008502 427999.303985846,233208.127105114 427985.094034903,233215.893986546 427966.883140618,233221.716001864 427953.85096968,233230.886123176 427934.280968944,233239.183000062 427917.465013816,233246.226085958 427903.786095196,233255.101968443 427887.248058367,233265.352947202 427869.029032366,233277.190003988 427849.03407004,233291.240051877 427826.59813715,233313.798959085 427793.116999679,233336.546099907 427762.076074306,233352.96399159 427741.138046681,233360.548993299 427731.841998283,233368.276980314 427722.599113335,233378.408153895 427710.816001062,233391.795071587 427695.798984198,233402.503074479 427684.211943989,233411.07001071 427675.202104947,233420.334968691 427665.705075651,233430.369097069 427655.698015038,233449.235972609 427637.627094507,233463.367018023 427624.692017663,233473.200144307 427615.981066185,233487.446138194 427603.760088294,233506.988124855 427587.730132794,233521.354037532 427576.46098061,233534.025953726 427566.86596241,233553.616997591 427552.643028805,233564.644962619 427544.949100328,233579.702997286 427534.794007638,233592.108097372 427526.724054925,233602.128971005 427520.393087395,233616.319013082 427511.709122365,233620.397171197 427509.312034591,233632.817077416 427502.014086619,233647.520080854 427493.727148211,233660.31493905 427486.778091358,233677.005961045 427478.072075769,233694.259996188 427469.487028865,233708.396080649 427462.759015578,233721.337085098 427456.835952117,233735.454071711 427450.627060573,233746.327981557 427446.019045416,233758.719115922 427440.952096762,233775.136961794 427434.535038832,233795.542996564 427427.019979248,233817.814041791 427419.386132961,233843.618117849 427411.26498636,233871.661939088 427403.300111905,233891.030044696 427398.310948698,233921.986950442 427391.187126949,233951.009098518 427385.440065848,233971.664091919 427381.890983985,233987.827163591 427379.424086841,234010.176069035 427376.456029891,234018.603012228 427375.539105981,234030.506001843 427374.243032687,234030.418967185 427374.203965037,234029.390144361 427373.621985796,234028.571102983 427372.945053129,234027.869100265 427372.193094955,234027.207032107 427371.264068243,234026.72013541 427370.354957726,234026.183146747 427368.841930227,234025.945091574 427367.482117054,234025.904082028 427366.477076154,234025.970017626 427365.530014135,234026.074019446 427364.882076873,234026.318010604 427363.938939178,234026.759129635 427362.83295355,234027.40010775 427361.732005694,234028.062100793 427360.900081408,234028.842078544 427360.15800679,234029.448067891 427359.70815516)))",터널,14,대전광역시 유성구 ,36710025,42860,오봉터널,1208.09,17035.24,0,16.65,16.65,3,오봉터널,1
"MULTIPOLYGON (((233978.697132653 427405.657957365,233979.245962828 427405.041138437,233967.79903709 427407.751977454,233937.980139672 427414.813069282,233921.474024223 427419.112969147,233904.616978467 427423.717980391,233889.282947894 427428.097987669,233872.444159621 427433.118070039,233854.304106353 427438.777081425,233837.072053295 427444.394980234,233818.602006066 427450.681948698,233801.591070758 427456.719971838,233786.245063411 427462.407072787,233770.443981099 427468.573019349,233753.803032404 427475.41610199,233736.837103098 427482.769117541,233725.94294276 427487.693962214,233708.183137704 427496.077102208,233694.018005395 427503.082082406,233673.298956285 427513.855104826,233657.099077689 427522.728135945,233641.157983672 427531.857016712,233627.47104996 427540.020967355,233620.260958537 427544.5021127,233610.959041335 427550.282971503,233595.458109356 427560.343128763,233579.552137227 427571.111088091,233560.901058956 427584.337068228,233550.463134165 427592.033054696,233538.518016658 427601.109018078,233516.28405932 427618.803132226,233504.572097205 427628.562994263,233487.255100741 427643.581048294,233477.900090968 427651.999952965,233462.759962346 427666.103097538,233449.461047239 427679.004071447,233431.351039567 427697.394049144,233415.59512244 427714.223161204,233403.201025375 427728.044014161,233396.163095959 427736.135985681,233385.979988443 427748.172136451,233374.309927663 427762.46994359,233363.268986768 427776.526107806,233346.316044211 427799.205103028,233335.040120715 427815.091027152,233322.534991148 427833.54007127,233307.507039682 427856.996171025,233291.341139824 427884.015088486,233281.835022351 427900.894004895,233272.688079449 427917.923046213,233263.697957632 427935.501133476,233253.929056456 427955.674088249,233241.361085131 427983.54200977,233230.551056103 428009.597069966,233222.859088742 428029.567100705,233218.394178102 428041.937723067,233216.117021073 428048.245104456,233209.836115666 428067.35408126,233206.56108291 428077.318146301,233219.934136925 428082.573088764,233223.285965992 428071.767063456,233225.26200963 428065.398995714,233233.433983955 428041.993991727,233233.823116932 428040.881135048,233251.56816163 427995.788117377,233268.698057368 427957.658072122,233279.725102842 427935.245084333,233294.857962068 427906.682957932,233312.270070354 427876.445929908,233327.629107659 427851.727008848,233345.875971476 427824.384136113,233363.136082053 427800.270122579,233380.403942083 427777.632976752,233397.208050511 427756.878027767,233412.90510275 427738.512958073,233434.811108429 427714.376007317,233453.666048062 427694.86401271,233471.004129595 427677.863025473,233491.113070421 427659.187083604,233509.053107627 427643.401931942,233534.127059987 427622.623022463,233555.346988087 427606.124962477,233577.618025298 427589.808025741,233599.088970329 427574.986979004,233620.195012445 427561.27511292,233622.038000906 427560.077953584,233637.900988865 427550.30699535,233653.702992817 427540.991114543,233673.696003096 427529.779944057,233691.180020541 427520.483987171,233711.531977077 427510.239087352,233735.449001047 427498.962021479,233752.557951896 427491.385051978,233770.244114274 427483.969141877,233785.741031743 427477.810022328,233804.091157699 427470.91897589,233810.772107856 427468.505968122,233833.752030587 427460.491033706,233857.501118407 427452.661963815,233887.639052672 427443.380981209,233917.117063862 427434.995960127,233952.109026781 427425.916014964,233970.90110045 427421.542129084,233982.853005322 427418.761077041,233982.570951999 427418.670977077,233982.075976638 427418.471127003,233981.27698719 427418.056009824,233980.569936173 427417.583144444,233979.732120661 427416.86109526,233978.999072653 427416.038145966,233978.479116787 427415.292133677,233978.128959977 427414.676056643,233977.760015894 427413.862998304,233977.504146821 427413.121956599,233977.215972179 427411.781091849,233977.135995761 427410.419096946,233977.237117055 427409.24612103,233977.419149651 427408.367089659,233977.719044969 427407.447051557,233978.067131947 427406.764164252,233978.697132653 427405.657957365)))",터널,15,대전광역시 유성구 ,36710025,42860,오봉터널,1057.6,15177.86,0,14.94,14.94,3,오봉터널,1
"MULTIPOLYGON (((233230.806088107 428883.853080408,233229.630103261 428873.143028867,233215.231063913 428875.67306793,233216.436935682 428885.327024996,233218.841017084 428904.569071476,233221.914999524 428929.171070481,233225.390112442 428956.98311442,233228.59514452 428982.782102273,233232.613111817 429016.531086065,233234.90515095 429037.392041124,233237.710052039 429066.231048586,233239.762118547 429092.121099281,233241.269993201 429118.041942246,233242.064963605 429140.992026015,233242.285940211 429160.537085882,233241.977958978 429182.846979885,233241.049054161 429205.361142001,233238.715998015 429236.739996099,233236.48797877 429257.626131055,233231.31802365 429293.922170258,233226.484978256 429320.42498976,233218.190160101 429357.517967884,233212.193035249 429380.275158782,233205.048082795 429404.448001129,233196.287016429 429430.90203531,233189.319070279 429450.034050403,233179.56412595 429474.608131688,233166.523062539 429504.297952441,233153.203072819 429531.712958855,233137.345125294 429561.341948661,233122.573074768 429586.566093788,233101.661121399 429619.099115078,233083.668135432 429644.625088226,233069.093092507 429663.884115456,233055.541109668 429680.785043347,233042.663162394 429696.036964075,233027.310054992 429713.277097448,233016.243155694 429725.119156777,233003.59307888 429738.100092117,232989.142991951 429752.246990708,232970.986039421 429769.073009618,232947.796102666 429789.148115514,232923.066080664 429808.959123531,232917.412001673 429813.139986921,232915.570968041 429814.500020115,232924.280093598 429825.914024262,232926.079984744 429824.500955229,232938.116093596 429815.24402202,232956.087022077 429800.7220196,232976.634078311 429783.06904151,233002.676066392 429758.935995998,233027.470101044 429733.920103817,233052.095001481 429706.833052773,233073.501999883 429681.199135354,233100.882953713 429645.069124376,233125.71203416 429608.358034444,233145.747141543 429575.299042556,233159.454038204 429550.480146957,233173.529078472 429522.693096717,233189.921136919 429486.605126714,233204.289147058 429450.553077789,233218.855010527 429407.871033206,233229.844109502 429369.325004628,233239.706078029 429326.698996502,233246.084020113 429291.585122169,233252.701086178 429239.683945502,233255.581976847 429199.161040843,233256.48596308 429160.579113786,233256.014074059 429131.621148596,233254.469026638 429099.326000811,233251.136131418 429057.093157951,233242.145166776 428976.636125711,233236.792990608 428933.711922779,233232.57209387 428899.932074206,233230.806088107 428883.853080408)))",터널,16,대전광역시 유성구 ,36710015,42960,둔곡1터널,1063.65,14869.78,0,14.75,14.75,3,둔곡1터널,1
"MULTIPOLYGON (((227850.214102139 418773.669076324,227780.311004505 418751.046026165,227762.865146543 418787.034078788,227789.559991717 418797.579976644,227793.020104239 418798.960052379,227806.459971045 418804.29000364,227822.210137449 418809.440029425,227834.580103736 418812.46007839,227842.840005519 418813.574069161,227850.214102139 418773.669076324)))",터널,17,대전광역시 유성구 ,36710053,43400,노은터널,74.01,2144.43,0,40.6,40.6,8,노은터널,1
"MULTIPOLYGON (((234324.899966582 421229.010045449,234267.290066726 421222.890102345,234266.339945517 421231.840002301,234323.850054028 421237.950025311,234378.729920751 421245.050059776,234493.680056909 421258.520080375,234568.300132119 421271.770099177,234647.980108046 421291.679948602,234734.150102483 421320.200064589,234736.98010644 421311.660063738,234650.49014363 421283.030045695,234570.179926985 421262.960067095,234495.000129838 421249.610109756,234379.830054555 421236.110139303,234324.899966582 421229.010045449)))",터널,18,대전광역시 유성구 ,36710046,39910,대덕터널(상),479.8,1717.59,0,10.45,10.45,1,대덕터널(상),1
"MULTIPOLYGON (((234326.250123531 421251.970025801,234268.829947289 421245.609960653,234267.790092564 421254.810102946,234325.200010668 421260.910004615,234380.030108136 421267.999978633,234494.770109189 421281.44010194,234568.820006501 421294.60013351,234647.81997141 421314.339993251,234727.239994853 421341.369942975,234731.490086039 421333.509981777,234650.379977503 421305.699953221,234570.700001669 421285.790102509,234496.079926469 421272.540082513,234381.129990292 421259.070061135,234326.250123531 421251.970025801)))",터널,19,대전광역시 유성구 ,36710046,39900,대덕터널(하),473.6,1689.67,0,10.32,10.32,1,대덕터널(하),1
"MULTIPOLYGON (((231208.420102563 409219.570085327,231177.580102563 409135.430085327,231172.870102563 409136.560085327,231204.270102563 409222.300085327,231221.960102563 409258.730085327,231256.190102563 409314.500085327,231273.150102563 409332.900085327,231304.870102563 409359.130085327,231307.910102563 409356.100085327,231280.110102563 409332.760085327,231268.770102563 409321.430085327,231256.600102563 409306.040085327,231221.950102563 409247.450085327,231208.420102563 409219.570085327)))",터널,20,대전광역시 서구 ,36710084,34660,괴곡터널,257.93,1286.53,5,6.36,6.36,2,괴곡터널,1
"MULTIPOLYGON (((231098.130102563 407752.690085327,231086.700102563 407704.330085327,231082.950102563 407705.350085327,231095.750102563 407763.300085327,231111.700102563 407839.080085327,231112.670102563 407859.840085327,231111.820102563 407931.050085327,231116.460102563 407931.100085327,231118.330102563 407862.550085327,231117.290102563 407846.730085327,231110.480102563 407807.990085327,231098.130102563 407752.690085327)))",터널,21,대전광역시 서구 ,36710094,56310,사진포터널,229.51,1108.07,4.5,6.19,6.19,2,사진포터널,1
"MULTIPOLYGON (((231441.42010498 410324.016113281,230901.41809082 410417.015075684,230903.227111816 410425.78112793,231441.042114258 410332.414123535,231671.467102051 410294.222106934,231669.859130859 410284.430114746,231441.42010498 410324.016113281)))",터널,22,대전광역시 서구 ,36710084,13670,구봉터널,780.11,6802.2,0,9.53,9.53,1,구봉터널,1
"MULTIPOLYGON (((231441.52911377 410292.036071777,230915.505126953 410383.641113281,230917.350097656 410392.223083496,231441.175109863 410301.530090332,231441.182128906 410301.530090332,231683.683105469 410261.027099609,231682.011108398 410251.141113281,231441.52911377 410292.036071777)))",터널,23,대전광역시 서구 ,36710084,13680,구봉터널,778.1,7179.26,0,10.26,10.26,1,구봉터널,1
"MULTIPOLYGON (((232205.953003256 415066.993059612,232168.433000595 415043.481976015,232159.713044745 415057.230940317,232206.900083659 415087.952044101,232225.761125248 415099.708109502,232237.970132601 415107.055125509,232250.387990987 415114.215942129,232261.405093995 415120.247040185,232272.399986565 415125.93007594,232283.528110652 415131.34708756,232294.782073669 415136.496035963,232308.064040166 415142.159083979,232321.500005959 415147.447969331,232335.077984906 415152.359028499,232346.821980584 415156.264982699,232360.637139725 415160.464165903,232372.568004362 415163.753024262,232386.582990928 415167.228133215,232398.904978268 415169.944970475,232410.973951787 415172.334161095,232423.021055322 415174.50294521,232452.966073908 415179.280139304,232628.920088316 415205.57109685,232645.088944373 415207.739984788,232661.298090986 415209.585143567,232681.606148668 415211.436089666,232701.95305927 415212.777020044,232850.275029638 415219.748968965,232850.258129176 415202.933937551,232707.84203504 415195.852068511,232706.858060602 415195.804962952,232704.864125173 415195.706015515,232702.870015529 415195.602065054,232700.877132233 415195.49311881,232698.884075759 415195.378969462,232696.891044115 415195.260018203,232694.899038737 415195.136070128,232692.907059228 415195.007120061,232690.91510145 415194.873968323,232688.924174075 415194.735019448,232686.933072489 415194.59106755,232684.941996768 415194.442113661,232682.951947311 415194.288162957,232680.962119665 415194.130011614,232678.972121947 415193.96605693,232676.983150493 415193.797105426,232674.995001087 415193.623956391,232673.006081367 415193.445000908,232671.018988231 415193.261052748,232669.031115473 415193.073098857,232667.044075108 415192.878946636,232665.058054801 415192.680998077,232663.072065534 415192.477047129,232661.087097361 415192.269099765,232659.102155054 415192.05615041,232657.11804514 415191.837002724,232655.133954887 415191.614053528,232653.151090977 415191.38610855,232651.16805803 415191.152160151,232649.187047608 415190.914020424,232647.205061621 415190.671073617,232645.2241019 415190.423129989,232643.243969398 415190.169988436,232641.265062205 415189.912051177,232639.285980805 415189.649110895,232637.30812678 415189.380974752,232635.33009751 415189.108035664,232633.353094505 415188.83009976,232631.377113627 415188.547967358,232629.401963072 415188.260036787,232627.426038069 415187.967100087,232465.623125231 415163.785979242,232465.424995343 415163.756142574,232463.447081272 415163.460994761,232461.469971661 415163.16505077,232459.492061739 415162.869102642,232457.515158424 415162.571959211,232455.538059172 415162.274014425,232453.562165575 415161.975075452,232451.586077074 415161.675135049,232449.609999957 415161.372993771,232447.634132235 415161.069052811,232445.659070009 415160.764115594,232443.685024736 415160.455982279,232441.71098878 415160.146048248,232439.737168422 415159.833114061,232437.764960088 415159.517987274,232435.792971491 415159.199060009,232433.820993245 415158.878131955,232431.851042693 415158.552012176,232429.881106632 415158.223091287,232427.911992618 415157.889972862,232425.944098741 415157.553059136,232423.977025877 415157.212147959,232422.01098031 415156.866039889,232420.045959977 415156.51513508,232418.08216702 415156.159034412,232416.118999137 415155.79813494,232414.157063803 415155.431039209,232412.195953621 415155.059145712,232410.237076388 415154.681061125,232408.279030513 415154.296978292,232406.322015041 415153.907098329,232404.367037613 415153.510025846,232402.414092018 415153.106961323,232400.461981919 415152.697098236,232398.512115113 415152.279043268,232396.563084839 415151.853989653,232394.615095314 415151.421138113,232394.377068497 415151.368085399,232392.431122186 415150.927040943,232390.488018375 415150.47800779,232388.547156822 415150.020982836,232386.607932117 415149.556963378,232384.670949674 415149.084952116,232382.735007978 415148.605142928,232380.802109894 415148.117145998,232378.870048339 415147.622150423,232376.941030398 415147.118967104,232375.013053202 415146.607985862,232373.088118586 415146.089016954,232371.165020899 415145.563054574,232369.243965389 415145.029099362,232367.324946886 415144.488151712,232365.4079716 415143.939011147,232363.493037459 415143.382077829,232361.58094685 415142.816955732,232359.671092292 415142.245042315,232357.763079834 415141.665135028,232355.857105419 415141.078035225,232353.953972469 415140.483146802,232352.05308281 415139.880066504,232350.155030477 415139.269997905,232348.259019291 415138.652136553,232346.366051715 415138.026087459,232344.475121146 415137.393045932,232342.587027902 415136.753016102,232340.700976838 415136.104993439,232338.818168429 415135.448984149,232336.936996871 415134.785980355,232335.060068366 415134.114995106,232333.184976787 415133.437016385,232331.312127466 415132.751045867,232329.443115873 415132.058092223,232327.575947409 415131.356944629,232325.712015396 415130.649010888,232323.850120391 415129.934084709,232321.992069314 415129.210974929,232320.13705978 415128.480077567,232318.284088286 415127.741987691,232316.43495348 415126.997114767,232314.588056795 415126.245050361,232312.745003006 415125.485002437,232310.904991792 415124.716966849,232309.067016549 415123.942138905,232307.233080145 415123.160128793,232305.401981064 415122.37113038,232303.574125674 415121.573945264,232301.749105537 415120.770172007,232299.927925195 415119.95901547,232298.109986471 415119.140072383,232296.295086187 415118.313941953,232294.483022193 415117.481023308,232292.674995999 415116.641122573,232290.870013417 415115.793034096,232289.069068635 415114.937963529,232287.270960143 415114.076104746,232285.47609017 415113.207059652,232283.685057916 415112.331031437,232281.897068239 415111.447015559,232280.113111194 415110.557017989,232278.332997039 415109.659036899,232276.556120371 415108.75406958,232274.783081418 415107.842119136,232273.013080906 415106.92298135,232271.248117559 415105.997066727,232269.484997345 415105.062958156,232267.726108804 415104.123069009,232267.553120896 415104.02913511,232265.797075885 415103.081057188,232264.046069073 415102.126002348,232262.299099028 415101.1641655,232260.554963202 415100.195940592,232258.814057616 415099.222130015,232257.076985616 415098.242136632,232255.342946877 415097.255956303,232253.610938939 415096.263984017,232251.882958454 415095.267030435,232250.158010199 415094.26408999,232248.435089642 415093.255957828,232246.714989854 415092.244038641,232244.997116806 415091.227128846,232243.282071771 415090.205031475,232241.569043051 415089.179943257,232239.859040352 415088.150068653,232238.151060175 415087.116002727,232236.444095914 415086.078940786,232234.739952427 415085.03809182,232233.037031143 415083.993047393,232231.337121398 415082.946017697,232229.637027094 415081.895985775,232227.939949505 415080.842968181,232226.243086474 415079.787150512,232224.548030372 415078.730141681,232222.853991221 415077.669936755,232221.161962177 415076.607941462,232219.470143559 415075.54394641,232217.779129401 415074.479155184,232216.088126622 415073.412163087,232214.39813045 415072.34397569,232212.709138816 415071.274993148,232211.018946708 415070.20600441,232209.329965423 415069.13502108,232207.641984536 415068.064042931,232205.953003256 415066.993059612)))",터널,24,대전광역시 서구 ,36710065,33330,도솔터널,709.34,12251.79,0,16.5,16.5,4,도솔터널,1
"MULTIPOLYGON (((232236.013082716 415036.861035856,232192.751144691 415006.557996683,232184.16506343 415021.000147593,232208.572973262 415036.681143401,232210.261955618 415037.751926588,232211.950935908 415038.823109936,232213.64111771 415039.894099418,232215.331104609 415040.964087468,232217.022091906 415042.034080695,232218.713089549 415043.102073134,232220.406093162 415044.169075524,232222.101097574 415045.236088259,232223.796117502 415046.300099807,232225.491942925 415047.363115102,232227.189984742 415048.423140585,232228.890033565 415049.481975938,232230.591097268 415050.53801536,232232.293977206 415051.591062898,232233.99907354 415052.64112063,232235.706987539 415053.687991573,232237.416116503 415054.732067616,232239.128063129 415055.772956874,232240.843035784 415056.809059742,232242.560024749 415057.842171768,232244.280041808 415058.87009725,232246.002080355 415059.894031486,232247.728146355 415060.91298443,232249.45703416 415061.927950269,232251.188953164 415062.937129326,232252.924100336 415063.941122869,232254.663080057 415064.939133684,232256.405086837 415065.932158035,232258.151127281 415066.91900061,232259.900004009 415067.899054973,232261.654113846 415068.873133849,232263.411062039 415069.840024347,232265.172046996 415070.800132837,232266.938071188 415071.753064328,232268.707137956 415072.698008159,232269.563154623 415073.152024866,232271.338080597 415074.08599433,232273.118049943 415075.01198648,232274.90206226 415075.929996142,232276.691117952 415076.840028489,232278.483010964 415077.743072537,232280.279153237 415078.636934656,232282.080137766 415079.523018503,232283.884159701 415080.402115088,232285.692030733 415081.272027675,232287.503944742 415082.133957774,232289.320100767 415082.988106497,232291.139095152 415083.835066844,232292.962137684 415084.673044305,232294.789023109 415085.503038244,232296.619956679 415086.324049299,232298.454127733 415087.138074121,232300.292146854 415087.943115027,232302.134004734 415088.740972726,232303.979109404 415089.53004348,232305.827056572 415090.311125543,232307.679047747 415091.084025036,232309.534086673 415091.847936468,232311.392967459 415092.60406446,232313.255091935 415093.352005744,232315.120058907 415094.091958332,232316.989072992 415094.823128114,232318.86113069 415095.546110157,232320.736030884 415096.261103501,232322.613978825 415096.967108788,232324.495969743 415097.665131586,232326.380003874 415098.354961471,232328.267084718 415099.036003376,232330.15800846 415099.709061759,232332.050975413 415100.373927229,232333.947989479 415101.030009889,232335.847050897 415101.677099319,232337.749155927 415102.316001007,232339.654102419 415102.947114079,232341.562097694 415103.569039011,232343.47213515 415104.182971111,232345.385019244 415104.788114196,232347.300946947 415105.385069538,232349.220122476 415105.973037859,232351.141140111 415106.553012308,232353.065005411 415107.123997661,232354.991112975 415107.686991217,232356.919067807 415108.240990506,232358.85107079 415108.786006907,232360.784115552 415109.3230253,232362.720007986 415109.851054601,232364.65814268 415110.371092098,232366.599125043 415110.882140503,232368.541155395 415111.383990424,232370.486027211 415111.878051727,232372.432146061 415112.363115657,232372.987073861 415112.500041788,232374.936055902 415112.973115433,232376.887075984 415113.43899656,232378.840942699 415113.896088671,232380.796052312 415114.34498373,232382.75199742 415114.787080227,232384.709985745 415115.220983804,232386.670010041 415115.648095025,232388.631071981 415116.068008558,232390.592969416 415116.481123525,232392.556104578 415116.887041838,232394.520065919 415117.287962299,232396.485062842 415117.68208523,232398.452092631 415118.070016045,232400.41914725 415118.45314495,232402.387029093 415118.831075925,232404.35613728 415119.204011119,232406.325070217 415119.572143373,232408.295030454 415119.93507873,232410.266011786 415120.294017671,232412.237013809 415120.648955025,232414.20903589 415121.000096038,232416.181074529 415121.348035778,232418.15313386 415121.691973935,232420.126007998 415122.03311511,232422.099093599 415122.37205645,232424.072995041 415122.708000737,232426.046110651 415123.04113977,232428.020032791 415123.373082469,232429.992964883 415123.703019198,232431.967106767 415124.031161419,232433.942055181 415124.358107306,232435.916008373 415124.684047619,232437.888961171 415125.009982765,232439.86312376 415125.334123399,232441.837082139 415125.659063323,232441.851078398 415125.660936456,232853.146120438 415192.840975657,232855.841118662 415176.307079697,232430.477099262 415109.089119253,232404.177072778 415104.458027935,232393.599026699 415102.36006735,232383.114976722 415100.077114109,232370.794094434 415097.06916003,232359.55502918 415093.991967778,232348.401138719 415090.617089494,232337.342024785 415086.944975005,232326.385067566 415082.980064352,232315.537061475 415078.723993347,232303.030096319 415073.395093381,232292.446002077 415068.519923915,232281.99501477 415063.364123433,232273.383090877 415058.85010003,232263.835959981 415053.564115877,232254.526150141 415048.158107447,232236.013082716 415036.861035856)))",터널,25,대전광역시 서구 ,36710065,33330,도솔터널,695.72,10625.05,0,19.55,19.55,4,도솔터널,1
"MULTIPOLYGON (((230886.640094164 412516.74698718,230848.634008994 412438.577032482,230818.03914826 412453.548126195,230855.295983997 412532.324064798,230860.886042153 412543.108097751,230861.748174268 412544.934122819,230891.283108465 412527.616964834,230886.640094164 412516.74698718)))",터널,26,대전광역시 서구 ,36710074,28820,무명,100.35,3453.2,0,36.16,36.16,6,이름없음,1
"MULTIPOLYGON (((231313.608962301 411221.205070668,231311.696119166 411196.075959834,231206.513006258 411197.433972109,231204.721038649 411197.125988162,231197.969051122 411221.706118647,231198.872961081 411221.875057898,231313.608962301 411221.205070668)))",터널,27,대전광역시 서구 ,36710084,35280,가수원터널,115.24,2757.21,0,26.53,26.53,4,가수원터널,1
"MULTIPOLYGON (((243955.958102563 409014.653085327,244216.430102563 408671.490085327,244279.709102563 408597.427085327,244272.767102563 408592.563085327,244206.410102563 408671.440085327,243949.274102563 409007.187085327,243950.080102563 409006.790085327,243952.170102563 409006.180085327,243953.390102563 409006.050085327,243954.840102563 409006.450085327,243955.890102563 409007.410085327,243956.520102563 409008.900085327,243956.640102563 409010.090085327,243956.710102563 409011.150085327,243956.580102563 409012.980085327,243955.958102563 409014.653085327)))",터널,28,대전광역시 동구 ,36710100,19980,곤룡터널,522.43,4582.37,4.5,9.31,9.31,2,곤룡터널,1
"MULTIPOLYGON (((242922.147102563 404975.213085327,242905.986102563 404965.087085327,242876.740102563 405006.220085327,242867.970102563 405022.800085327,242860.170102563 405039.740085327,242846.830102563 405080.070085327,242836.360102563 405128.580085327,242831.868102563 405153.163085327,242851.196102563 405156.935085327,242855.970102563 405132.530085327,242866.160102563 405085.330085327,242878.810102563 405047.090085327,242885.910102563 405031.660085327,242893.880102563 405016.600085327,242922.147102563 404975.213085327)))",터널,29,대전광역시 동구 ,36714010,14060,머들령터널,205,3998.08,7,20.15,20.15,4,머들령터널,1
"MULTIPOLYGON (((243476.631102563 403382.306085327,243464.973102563 403377.786085327,243247.340102563 403915.560085327,243219.101102563 403984.662085327,243230.662102563 403989.419085327,243258.910102563 403920.270085327,243476.631102563 403382.306085327)))",터널,30,대전광역시 동구 ,36714010,13430,마달터널,658.23,8184.55,7,13.22,13.22,2,마달터널,1
"MULTIPOLYGON (((243465.600902563 403321.294685327,243464.852902563 403321.294685327,243463.217902563 403321.308085327,243459.946102563 403321.361685327,243458.309302563 403321.401685327,243451.992902563 403321.608485327,243299.740102563 403699.230085327,243279.720102563 403746.760085327,243257.710102563 403801.370085327,243192.988102563 403961.834085327,243204.500102563 403966.700085327,243269.310102563 403806.050085327,243291.280102563 403751.520085327,243311.300102563 403703.990085327,243465.600902563 403321.294685327)))",터널,31,대전광역시 동구 ,36714010,13430,마달터널,701.28,8670.17,8,12.93,12.93,2,마달터널,1
"MULTIPOLYGON (((243562.890102563 403332.333685327,243560.961702563 403331.884085327,243267.486102563 404089.347085327,243276.881102563 404092.677085327,243570.719702563 403334.325885327,243569.590302563 403334.018885327,243569.237302563 403333.923485327,243567.654902563 403333.513485327,243564.481302563 403332.718485327,243562.890102563 403332.333685327)))",터널,32,대전광역시 동구 ,36714010,14060,금산터널,813.54,8105.89,7,11.76,11.76,2,금산터널,1
"MULTIPOLYGON (((243592.541102563 403340.662085327,243591.608902563 403340.368085327,243294.388102563 404103.720085327,243303.870102563 404106.907085327,243601.095902563 403343.562685327,243599.669502563 403343.053085327,243598.923502563 403342.789885327,243597.425302563 403342.268085327,243596.672902563 403342.009285327,243595.298502563 403341.553885327,243592.541102563 403340.662085327)))",터널,33,대전광역시 동구 ,36714010,14070,금산터널,819.6,8188.72,7,10.29,10.29,2,금산터널,1
"MULTIPOLYGON (((241930.154102563 417656.092085327,241929.462102563 417643.961085327,241571.706002563 417657.801485327,241571.705802563 417670.242285327,241928.591102563 417656.149085327,241930.154102563 417656.092085327)))",터널,34,대전광역시 동구 ,36710059,37120,대전터널,452.2,4403.61,4.5,11.16,11.16,2,대전터널,1
"MULTIPOLYGON (((241931.912102563 417677.711085327,241931.168102563 417664.865085327,241930.840102563 417664.880085327,241571.705702563 417679.168585327,241571.705602563 417691.545685327,241931.190102563 417677.740085327,241931.912102563 417677.711085327)))",터널,35,대전광역시 동구 ,36710059,37120,대전터널,455.37,4543.18,4.5,11.16,11.16,2,대전터널,1
"MULTIPOLYGON (((243492.370102563 415225.210085327,243018.880102563 415014.660085327,243012.470102563 415024.970085327,243483.340102563 415245.280085327,243492.370102563 415225.210085327)))",터널,36,대전광역시 동구 ,36710070,2551,구정리터널,518,8835.53,4.5,13.24,13.24,6,구정리터널,1
"MULTIPOLYGON (((241303.937005448 417033.508017776,241303.926090837 417030.628110841,241295.029080335 417031.08210732,241294.630964704 417278.978087002,241306.057017116 417278.76707519,241303.937005448 417033.508017776)))",터널,37,대전광역시 동구 ,36710059,42490,가양비래터널,248.14,2518.81,0,10.93,10.93,2,가양비래터널,1
"MULTIPOLYGON (((241266.2669755 417066.750083318,241255.313005099 417066.250029927,241252.15910862 417278.98108233,241264.024045543 417278.713115108,241266.2669755 417066.750083318)))",터널,38,대전광역시 동구 ,36710059,42500,가양비래터널,211.12,2423.08,0,13.35,13.35,2,가양비래터널,1
"MULTIPOLYGON (((241535.180067351 415819.850130124,241528.780107138 415811.449999172,241380.220148552 415920.450030645,241388.850088095 415927.300014822,241535.180067351 415819.850130124)))",터널,39,대전광역시 동구 ,36710069,25910,용운터널,183.06,1084.69,0,9.98,9.98,2,용운터널,1
"MULTIPOLYGON (((241560.770111506 415851.940148178,241550.399968029 415846.84012858,241409.090006362 415952.85013464,241415.299928803 415962.7501346,241560.770111506 415851.940148178)))",터널,40,대전광역시 동구 ,36710069,25830,용운터널,176.69,1754.07,0,11.55,11.55,2,용운터널,1
"MULTIPOLYGON (((242062.160163979 416775.18011023,242052.030012583 416762.210094225,241810.090902801 416982.239320426,241452.239094689 417310.525122641,241464.05594326 417322.068037697,241836.929996812 416982.369943177,241836.933314201 416982.366858987,242062.160163979 416775.18011023)))",터널,41,대전광역시 동구 ,36710069,13960,대전터널,809.96,11487.77,5,16.91,16.91,4,대전터널,1
"MULTIPOLYGON (((242041.82001718 416749.590017955,242032.400004132 416736.15006953,241760.589315422 416982.000779046,241439.654083972 417269.204101349,241451.619057704 417280.890043728,241785.430098335 416982.119964968,242041.82001718 416749.590017955)))",터널,42,대전광역시 동구 ,36710069,13960,대전터널,797,10389.79,5,17.41,17.41,3,대전터널,1
"MULTIPOLYGON (((236879.190031549 418195.54015288,236867.589984717 418192.729954849,236822.590125447 418287.890080435,236816.550172679 418296.970140968,236830.069971083 418298.169977415,236832.980027038 418293.760134502,236878.690053169 418197.08002828,236879.190031549 418195.54015288)))",터널,43,대전광역시 대덕구 ,36710057,42000,양지터널,114.39,1368.51,0,15.79,15.79,2,양지터널,1
"MULTIPOLYGON (((246825.685717977 417445.500103895,246817.781293308 417447.832963633,246808.218241358 417451.436005875,246792.409417024 417456.10176022,246773.66814461 417460.020802338,246754.561808599 417463.572451716,246732.639126203 417465.568031293,246733.029304625 417474.603071588,246749.549515708 417474.143882282,246771.032787638 417472.249625978,246795.101191942 417467.445657504,246812.011149295 417462.785855941,246829.482551191 417456.119062743,246825.685717977 417445.500103895)))",터널,44,대전광역시 동구 ,36711051,48170,대덕터널,230.7,1078.59,0,10,10,0,대덕터널,1
"MULTIPOLYGON (((246391.710919657 416867.393979117,246366.162835733 416858.752168975,246335.529975909 416879.050122709,246257.200071104 416932.290154212,246207.070105828 416961.520022125,246181.774018557 416973.892074004,246187.612969915 416990.489959522,246220.784049996 416974.147078031,246265.290138503 416952.50006783,246343.620045199 416899.260037598,246391.710919657 416867.393979117)))",터널,45,대전광역시 동구 ,36711061,14050,증약터널,755,4642.02,0,13.6,13.6,0,증약터널,1
"MULTIPOLYGON (((246320.061739663 416843.158165797,246316.877172764 416842.081001314,246296.880015436 416855.330066054,246218.550115373 416908.57009734,246183.480004243 416929.979990307,246152.778040422 416946.974925252,246159.148031378 416963.030117111,246196.721170276 416945.695958992,246232.930027333 416924.200116074,246311.260129642 416870.960086329,246342.299265273 416850.680157018,246320.061739663 416843.158165797)))",터널,46,대전광역시 동구 ,36711061,14050,증약터널,755,4198.12,0,13.6,13.6,0,증약터널,1
"MULTIPOLYGON (((233774.394058478 425611.116275257,233765.18576597 425610.075148021,233753.960806074 425608.397920618,233746.26733586 425607.237074442,233732.403544543 425602.659666663,233711.736473166 425595.165850411,233694.360713283 425585.046269737,233678.501701283 425574.304371721,233670.251581972 425586.460202539,233695.424050834 425603.646412944,233724.153375531 425614.815407136,233749.48811784 425622.704387474,233776.61504265 425624.066724896,233774.394058478 425611.116275257)))",터널,47,대전광역시 유성구 ,36710026,13050,덕진터널,103,1559.83,0,15,15,0,덕진터널,1
"MULTIPOLYGON (((240658.420456553 400232.38586841,240654.073298122 400221.496559239,240524.087407036 400330.942757062,240520.550123087 400333.903115954,240528.548964222 400342.720145095,240542.996234507 400331.033012225,240658.420456553 400232.38586841)))",터널,48,대전광역시 동구 ,36714029,48190,추부터널,322.12,2022.06,4.5,11.72,11.72,0,추부터널,1
"MULTIPOLYGON (((241912.336984907 404515.962130976,242047.196008113 404620.912984481,242053.207267822 404612.766424344,241917.604087719 404507.316305964,241912.336984907 404515.962130976)))",터널,49,대전광역시 동구 ,36714009,18150,상소터널,175,1728.67,0,9.91,9.91,0,상소터널,1
