지점,지점명,일시,기온(°C),강수량(mm),풍속(m/s),풍향(16방위),습도(%),이슬점온도(°C),일조(hr),일사(MJ/m2),적설(cm),지면온도(°C)
133,대전,2025/12/25 0:00,-0.3,,1.1,320,91,-1.5,,,,-0.7
133,대전,2025/12/25 1:00,-0.3,,1.2,340,91,-1.5,,,,-0.8
133,대전,2025/12/25 2:00,-0.6,,1.6,320,88,-2.3,,,,-0.9
133,대전,2025/12/25 3:00,-1.2,,0.8,340,89,-2.7,,,,-1.1
133,대전,2025/12/25 4:00,-1.8,,2.1,340,91,-3,,,,-1.3
133,대전,2025/12/25 5:00,-2.2,,1.4,320,93,-3.1,,,,-1.5
133,대전,2025/12/25 6:00,-2.5,,2,340,92,-3.6,,,,-1.8
133,대전,2025/12/25 7:00,-2.4,,0.3,0,89,-3.9,,,,-1.9
133,대전,2025/12/25 8:00,-2.8,,0.3,0,88,-4.5,0,0,,-2
133,대전,2025/12/25 9:00,-0.4,,0.2,0,72,-4.8,0.8,0.44,,-1.2
133,대전,2025/12/25 10:00,1.2,,2.9,320,53,-7.3,1,1.09,,-0.8
133,대전,2025/12/25 11:00,2.5,,2.5,320,50,-6.8,1,1.45,,-0.5
133,대전,2025/12/25 12:00,2.1,0,4.3,320,47,-8,0.6,1.22,,-0.2
133,대전,2025/12/25 13:00,2.1,,5.6,320,42,-9.5,0.3,0.98,,1.4
133,대전,2025/12/25 14:00,1.7,,6.6,320,35,-12.1,0.3,0.89,,2.6
133,대전,2025/12/25 15:00,1,0,5.8,320,31,-14.2,0.7,1.13,,2.1
133,대전,2025/12/25 16:00,0,,4.9,290,37,-12.9,0.5,0.67,,0.3
133,대전,2025/12/25 17:00,-1.2,,4.2,320,40,-13.1,0.3,0.25,,-0.7
133,대전,2025/12/25 18:00,-1.9,,4.6,320,47,-11.7,0,0.02,,-1
133,대전,2025/12/25 19:00,-3,,5.6,320,62,-9.2,,,,-1.5
133,대전,2025/12/25 20:00,-4,,4.8,320,57,-11.2,,,,-1.9
133,대전,2025/12/25 21:00,-4.7,0,4.4,320,57,-11.9,,,,-2.2
133,대전,2025/12/25 22:00,-4.9,,5.7,320,51,-13.5,,,,-2.3
133,대전,2025/12/25 23:00,-5.3,,4.5,320,50,-14.1,,,,-2.7
133,대전,2025/12/26 0:00,-6.1,0,4.5,340,75,-9.8,,,,-2.1
133,대전,2025/12/26 1:00,-7.1,,4,340,71,-11.4,,,0,-2.5
133,대전,2025/12/26 2:00,-7.6,,2.7,320,62,-13.6,,,0,-3.1
133,대전,2025/12/26 3:00,-8.2,0,3,320,62,-14.2,,,0,-3.5
133,대전,2025/12/26 4:00,-8.6,,2.1,320,66,-13.8,,,0,-3.8
133,대전,2025/12/26 5:00,-8.7,,3.5,320,63,-14.4,,,0,-4.2
133,대전,2025/12/26 6:00,-8.9,,2.3,320,54,-16.5,,,0,-4.5
133,대전,2025/12/26 7:00,-9.3,,1.7,320,50,-17.8,,,,-4.9
133,대전,2025/12/26 8:00,-9.5,,1.6,320,51,-17.7,0.1,0.01,,-5
133,대전,2025/12/26 9:00,-7.1,,0.6,20,45,-17,1,0.38,,-3.8
133,대전,2025/12/26 10:00,-5.8,,3.2,340,40,-17.2,1,1,,-2.6
133,대전,2025/12/26 11:00,-4.7,,4,320,28,-20.4,1,1.52,,-1.2
133,대전,2025/12/26 12:00,-4.3,,3.9,320,27,-20.5,1,1.86,,-0.7
133,대전,2025/12/26 13:00,-2.4,,2.8,320,25,-19.8,1,1.98,,-0.1
133,대전,2025/12/26 14:00,-2,,5.7,320,22,-20.9,1,1.87,,-0.2
133,대전,2025/12/26 15:00,-1.8,,2.9,320,24,-19.7,1,1.52,,-0.5
133,대전,2025/12/26 16:00,-1.8,,3.5,320,19,-22.4,1,1.04,,-0.8
133,대전,2025/12/26 17:00,-3.6,,3.1,320,21,-22.8,0.5,0.33,,-1.5
133,대전,2025/12/26 18:00,-4.7,,3,320,25,-21.7,0,0.01,,-2.4
133,대전,2025/12/26 19:00,-5.7,,2.6,340,30,-20.5,,,,-3.1
133,대전,2025/12/26 20:00,-6.1,,2.2,340,36,-18.7,,,,-3.4
133,대전,2025/12/26 21:00,-6.9,,0.9,340,42,-17.6,,,,-3.6
133,대전,2025/12/26 22:00,-6.9,,0.8,320,45,-16.8,,,,-3.9
133,대전,2025/12/26 23:00,-7.3,,1.3,230,48,-16.4,,,,-4
133,대전,2025/12/27 0:00,-7.6,,1.3,340,56,-14.8,,,,-4.1
133,대전,2025/12/27 1:00,-7.8,,1.3,320,57,-14.8,,,,-4.3
133,대전,2025/12/27 2:00,-7.9,,0.4,0,59,-14.5,,,,-4.1
133,대전,2025/12/27 3:00,-8.1,,1.1,320,63,-13.9,,,,-4.4
133,대전,2025/12/27 4:00,-7.9,,1.4,320,64,-13.5,,,,-4.3
133,대전,2025/12/27 5:00,-7.6,,1,270,64,-13.2,,,,-3.7
133,대전,2025/12/27 6:00,-7.1,,0.6,320,61,-13.3,,,,-3.6
133,대전,2025/12/27 7:00,-7.2,,1.2,320,66,-12.4,,,,-3.9
133,대전,2025/12/27 8:00,-7.3,,0.8,340,68,-12.2,0,0.01,,-4.1
133,대전,2025/12/27 9:00,-5.9,,0.9,200,63,-11.8,0.1,0.16,,-3
133,대전,2025/12/27 10:00,-3.2,,0.6,270,53,-11.4,1,0.84,,-1.8
133,대전,2025/12/27 11:00,-1.2,,0.9,110,48,-10.8,0.7,1.2,,-0.9
133,대전,2025/12/27 12:00,-0.3,,1.4,140,47,-10.2,0.3,1.13,,-0.4
133,대전,2025/12/27 13:00,1.3,,0.9,110,49,-8.2,0,0.77,,-0.1
133,대전,2025/12/27 14:00,1.5,,1.8,270,62,-5,0,0.53,,-0.6
133,대전,2025/12/27 15:00,1.9,0,1.2,230,64,-4.2,0,0.4,,-0.6
133,대전,2025/12/27 16:00,1.6,,1.6,200,65,-4.2,0,0.16,,-0.9
133,대전,2025/12/27 17:00,1,,0.3,0,72,-3.4,0,0.03,,-1
133,대전,2025/12/27 18:00,0.8,0,2.5,200,78,-2.6,0,0,,-1
133,대전,2025/12/27 19:00,0.3,,1.6,160,83,-2.2,,,,-1
133,대전,2025/12/27 20:00,0.5,,1.3,140,84,-1.8,,,,-1
133,대전,2025/12/27 21:00,0.3,0,0.3,0,87,-1.6,,,,-1
133,대전,2025/12/27 22:00,0.5,,0.8,140,89,-1.1,,,0.3,-1
133,대전,2025/12/27 23:00,0.5,,1.7,180,90,-0.9,,,0.3,-1
133,대전,2025/12/28 0:00,0.8,0.1,1.7,160,91,-0.5,,,0.3,-1
133,대전,2025/12/28 1:00,0.3,,0.8,110,92,-0.8,,,0.3,-1.1
133,대전,2025/12/28 2:00,-0.2,,0.7,110,93,-1.2,,,0.3,-1.1
133,대전,2025/12/28 3:00,-0.7,,0,0,94,-1.5,,,0.3,-1.2
133,대전,2025/12/28 4:00,-0.6,,0,0,93,-1.5,,,0.3,-1.1
133,대전,2025/12/28 5:00,-0.2,,0.1,0,92,-1.3,,,0.3,-1.1
133,대전,2025/12/28 6:00,0,,0.6,110,92,-1.1,,,0.3,-1.1
133,대전,2025/12/28 7:00,0.3,,0.1,0,92,-0.8,,,0.3,-1.1
133,대전,2025/12/28 8:00,0.4,,0,0,90,-1,0,0,,-1.1
133,대전,2025/12/28 9:00,0.9,,0,0,91,-0.4,0,0.06,,-1
133,대전,2025/12/28 10:00,2.2,,0.6,140,86,0,0,0.3,,-0.9
133,대전,2025/12/28 11:00,3.8,,0.3,0,80,0.6,0,0.61,,-0.4
133,대전,2025/12/28 12:00,5.2,,1.1,160,74,0.9,0,0.8,,1
133,대전,2025/12/28 13:00,8,,2.7,180,61,0.9,0.8,1.75,,2.9
133,대전,2025/12/28 14:00,9.2,,2,250,53,0.1,0.6,1.31,,4.3
133,대전,2025/12/28 15:00,9.1,,3.2,200,54,0.2,0.7,1.13,,5.8
133,대전,2025/12/28 16:00,8.1,,1.3,230,58,0.3,0.4,0.56,,4.2
133,대전,2025/12/28 17:00,7.4,,1.5,200,60,0.1,0,0.16,,3.1
133,대전,2025/12/28 18:00,6.9,,0.8,230,62,0.1,0,0.01,,2.5
133,대전,2025/12/28 19:00,6.4,,1.7,200,64,0,,,,1.7
133,대전,2025/12/28 20:00,6,,1.6,200,67,0.3,,,,1.8
133,대전,2025/12/28 21:00,4.9,,0.4,0,71,0,,,,0.9
133,대전,2025/12/28 22:00,4.7,,1.2,250,73,0.2,,,,1.1
133,대전,2025/12/28 23:00,3.9,,0.8,230,74,-0.3,,,,-0.2
133,대전,2025/12/29 0:00,2.8,,1.3,340,82,0,,,,-0.3
133,대전,2025/12/29 1:00,2.1,,0.9,290,84,-0.3,,,,-0.8
133,대전,2025/12/29 2:00,2,,0,0,85,-0.2,,,,-0.7
133,대전,2025/12/29 3:00,2.1,,0.5,360,83,-0.4,,,,-0.8
133,대전,2025/12/29 4:00,1.9,,1,110,85,-0.3,,,,-0.9
133,대전,2025/12/29 5:00,1.5,,2.5,340,86,-0.5,,,,-1
133,대전,2025/12/29 6:00,1.2,,0.7,160,90,-0.2,,,,-1
133,대전,2025/12/29 7:00,2.3,,0.1,0,88,0.5,,,,-0.9
133,대전,2025/12/29 8:00,2.5,,1.4,230,94,1.6,0,0,,-0.7
133,대전,2025/12/29 9:00,4.5,0.6,1.7,230,94,3.6,0,0.05,,0.5
133,대전,2025/12/29 10:00,5.8,,2.3,200,94,4.9,0,0.23,,2.1
133,대전,2025/12/29 11:00,8.5,,2.6,200,81,5.4,0.6,0.92,,5.9
133,대전,2025/12/29 12:00,9.2,0,1.9,230,77,5.3,0.1,0.59,,6.1
133,대전,2025/12/29 13:00,9.6,,1.6,250,76,5.5,0,0.51,,7.9
133,대전,2025/12/29 14:00,10.9,,1.8,290,67,5,0.5,1.08,,9.2
133,대전,2025/12/29 15:00,11.4,0.4,2.8,290,59,3.6,0.9,1.13,,9
133,대전,2025/12/29 16:00,10.7,,3.2,290,56,2.2,0.4,0.55,,7.3
133,대전,2025/12/29 17:00,9.7,,1.9,290,59,2,0.1,0.26,,5.6
133,대전,2025/12/29 18:00,8,,2.2,320,63,1.3,0,0.01,,3.3
133,대전,2025/12/29 19:00,6.6,,2.3,340,69,1.3,,,,2.2
133,대전,2025/12/29 20:00,5.2,,1.6,320,78,1.6,,,,1.3
133,대전,2025/12/29 21:00,4.1,,1.4,320,80,0.9,,,,0.2
133,대전,2025/12/29 22:00,3.7,,2.2,340,83,1,,,,-0.2
133,대전,2025/12/29 23:00,2.5,,2.1,340,87,0.5,,,,-0.5
133,대전,2025/12/30 0:00,1.5,,2.2,340,89,-0.1,,,,-0.6
133,대전,2025/12/30 1:00,1.3,,1.5,340,90,-0.1,,,,-0.7
133,대전,2025/12/30 2:00,0.8,,1.1,50,87,-1.1,,,,-0.9
133,대전,2025/12/30 3:00,-0.4,,1,360,79,-3.6,,,,-1.3
133,대전,2025/12/30 4:00,-0.7,,0.1,0,75,-4.5,,,,-1.5
133,대전,2025/12/30 5:00,-1.5,,1.1,50,66,-7,,,,-1.8
133,대전,2025/12/30 6:00,-2,,1.1,360,61,-8.5,,,,-1.9
133,대전,2025/12/30 7:00,-2.3,,0.6,160,59,-9.2,,,,-2.2
133,대전,2025/12/30 8:00,-2.9,,0.3,0,61,-9.3,0.1,0.01,,-2.3
133,대전,2025/12/30 9:00,-0.2,,0.1,0,51,-9.1,1,0.36,,-1.4
133,대전,2025/12/30 10:00,1.5,,2.4,340,35,-12.3,1,0.96,,-0.8
133,대전,2025/12/30 11:00,3.1,,2.1,320,27,-14.1,1,1.5,,-0.5
133,대전,2025/12/30 12:00,3.7,,3.2,340,28,-13.1,1,1.84,,0.3
133,대전,2025/12/30 13:00,4.2,,1.7,320,23,-15.1,1,1.97,,1.7
133,대전,2025/12/30 14:00,4.7,,4.4,20,22,-15.2,1,1.87,,4.5
133,대전,2025/12/30 15:00,5.8,,1.7,340,23,-13.7,1,1.51,,5.3
133,대전,2025/12/30 16:00,4.6,,3.3,320,23,-14.8,1,1.02,,2.7
133,대전,2025/12/30 17:00,2.4,,3.5,320,29,-13.8,0.6,0.34,,0.3
133,대전,2025/12/30 18:00,0.8,,1.6,320,32,-14,0,0.02,,-0.5
133,대전,2025/12/30 19:00,-0.2,,1.5,320,37,-13.1,,,,-0.9
133,대전,2025/12/30 20:00,-1,,1.9,340,44,-11.7,,,,-1.3
133,대전,2025/12/30 21:00,-1.8,,1.9,340,48,-11.3,,,,-1.6
133,대전,2025/12/30 22:00,-1.8,,1,320,45,-12.1,,,,-1.8
133,대전,2025/12/30 23:00,-2.2,,1.4,270,52,-10.7,,,,-1.9
133,대전,2025/12/31 0:00,-2.4,,0.9,290,53,-10.6,,,,-1.9
133,대전,2025/12/31 1:00,-2.2,,1,320,54,-10.2,,,,-1.7
133,대전,2025/12/31 2:00,-2.6,,2,340,58,-9.7,,,,-1.8
133,대전,2025/12/31 3:00,-2.8,,1.9,340,61,-9.2,,,,-1.9
133,대전,2025/12/31 4:00,-2.4,,0.6,360,59,-9.3,,,,-1.6
133,대전,2025/12/31 5:00,-1.9,,3.1,320,63,-8,,,,-1.6
133,대전,2025/12/31 6:00,-3.1,,0.4,0,70,-7.8,,,,-2.1
133,대전,2025/12/31 7:00,-3.9,,2.2,320,62,-10.1,,,,-2.4
133,대전,2025/12/31 8:00,-4.6,,2.4,320,48,-13.9,0,0,,-2.7
133,대전,2025/12/31 9:00,-3.2,,3.8,320,36,-16.1,0.9,0.36,,-2.1
133,대전,2025/12/31 10:00,-2.6,,3.6,320,26,-19.5,1,1,,-1.4
133,대전,2025/12/31 11:00,-1.2,,4.3,320,25,-18.7,1,1.55,,-0.8
133,대전,2025/12/31 12:00,-0.8,,4.2,320,21,-20.4,1,1.88,,-0.4
133,대전,2025/12/31 13:00,-0.3,,4.2,340,18,-21.8,1,2.01,,0.3
133,대전,2025/12/31 14:00,-0.1,,4.5,320,18,-21.6,1,1.87,,0.1
133,대전,2025/12/31 15:00,-0.5,,5.7,320,23,-19.1,1,1.54,,-0.3
133,대전,2025/12/31 16:00,-1.3,,5,320,24,-19.3,1,1.07,,-0.8
133,대전,2025/12/31 17:00,-3,,3.6,340,30,-18.1,0.6,0.38,,-1.3
133,대전,2025/12/31 18:00,-4.2,,3.2,320,39,-16.1,0,0.02,,-1.8
133,대전,2025/12/31 19:00,-4.8,,3.2,320,45,-14.9,,,,-2
133,대전,2025/12/31 20:00,-5.5,,1.5,320,46,-15.3,,,,-2.3
133,대전,2025/12/31 21:00,-5.3,,1.8,290,47,-14.8,,,,-2.5
133,대전,2025/12/31 22:00,-6.2,,1.6,340,53,-14.2,,,,-2.8
133,대전,2025/12/31 23:00,-6.7,,1.9,320,56,-14,,,,-3.1
133,대전,2026/01/01 0:00,-7.3,,1.6,320,61,-13.5,,,,-3.4
133,대전,2026/01/01 1:00,-7.4,,2.1,360,62,-13.4,,,,-3.6
133,대전,2026/01/01 2:00,-8,,1.9,320,49,-16.8,,,,-4
133,대전,2026/01/01 3:00,-8.9,,1.2,340,48,-17.9,,,,-4.3
133,대전,2026/01/01 4:00,-9.1,,2.7,320,45,-18.8,,,,-4.7
133,대전,2026/01/01 5:00,-9.9,,1.3,360,48,-18.8,,,,-5
133,대전,2026/01/01 6:00,-10.6,,1,340,53,-18.3,,,,-5.3
133,대전,2026/01/01 7:00,-10.1,,0.7,320,51,-18.3,,,,-5.6
133,대전,2026/01/01 8:00,-10.2,,0.6,340,56,-17.3,0,0.01,,-5.4
133,대전,2026/01/01 9:00,-8.3,,1.6,320,50,-16.8,0.1,0.24,,-4
133,대전,2026/01/01 10:00,-6.6,,1.3,360,45,-16.5,0.7,0.69,,-2.3
133,대전,2026/01/01 11:00,-5.5,,2.6,360,32,-19.6,0.5,0.96,,-1.3
133,대전,2026/01/01 12:00,-4.2,,4.3,320,28,-20,0.8,1.2,,-1
133,대전,2026/01/01 13:00,-2.8,,4.1,340,23,-21.1,1,1.45,,-0.7
133,대전,2026/01/01 14:00,-1.6,,3.2,320,19,-22.2,1,1.74,,-0.2
133,대전,2026/01/01 15:00,-1.1,,2.8,320,18,-22.4,1,1.48,,-0.4
133,대전,2026/01/01 16:00,-1.7,,4.5,320,19,-22.3,1,1.02,,-0.8
133,대전,2026/01/01 17:00,-2.9,,3.3,320,24,-20.7,0.6,0.35,,-1.3
133,대전,2026/01/01 18:00,-4,,2.1,320,29,-19.4,0,0.02,,-2.5
133,대전,2026/01/01 19:00,-4.7,,2.3,320,35,-17.8,,,,-3.5
133,대전,2026/01/01 20:00,-5.1,,2.5,320,43,-15.7,,,,-3.7
133,대전,2026/01/01 21:00,-5.5,,1.9,320,50,-14.3,,,,-4.1
133,대전,2026/01/01 22:00,-5.7,,2.3,320,53,-13.7,,,,-4.3
133,대전,2026/01/01 23:00,-5.8,,2.2,320,57,-12.9,,,,-4.5
133,대전,2026/01/02 0:00,-6.7,,1.7,340,60,-13.1,,,,-4.8
133,대전,2026/01/02 1:00,-7.4,,2.8,360,59,-14,,,,-5.1
133,대전,2026/01/02 2:00,-8.5,,2,20,52,-16.6,,,,-5.3
133,대전,2026/01/02 3:00,-9.6,,0.7,360,53,-17.4,,,,-5.8
133,대전,2026/01/02 4:00,-9.7,,1,20,53,-17.5,,,,-6.1
133,대전,2026/01/02 5:00,-9.9,,0.8,340,57,-16.8,,,,-6.2
133,대전,2026/01/02 6:00,-10.2,,1.3,340,62,-16.1,,,,-6.2
133,대전,2026/01/02 7:00,-10.8,,0.5,360,59,-17.2,,,,-6.6
133,대전,2026/01/02 8:00,-10.4,,0.9,50,56,-17.5,0.1,0.01,,-6.7
133,대전,2026/01/02 9:00,-8.5,,2.1,20,47,-17.8,1,0.34,,-5.5
133,대전,2026/01/02 10:00,-7.3,,1.5,20,46,-16.9,1,0.95,,-3.9
133,대전,2026/01/02 11:00,-5.9,,2.6,20,42,-16.7,1,1.48,,-1.8
133,대전,2026/01/02 12:00,-4.3,,1.3,200,37,-16.8,1,1.83,,-0.7
133,대전,2026/01/02 13:00,-2.6,,1.2,180,35,-15.9,1,1.97,,0.1
133,대전,2026/01/02 14:00,-1.7,,1.7,290,32,-16.2,1,1.86,,0.1
133,대전,2026/01/02 15:00,-1.1,,2,320,33,-15.3,1,1.53,,-0.2
133,대전,2026/01/02 16:00,-1,,2.1,250,38,-13.5,1,1.04,,-0.7
133,대전,2026/01/02 17:00,-2.6,,3.1,320,46,-12.6,0.6,0.37,,-1.1
133,대전,2026/01/02 18:00,-3.4,,3.2,320,48,-12.8,0,0.02,,-1.9
133,대전,2026/01/02 19:00,-4.4,,3.5,320,55,-12.1,,,,-2.9
133,대전,2026/01/02 20:00,-4.9,,2.5,320,60,-11.4,,,,-3.9
133,대전,2026/01/02 21:00,-5.2,0,2.6,320,64,-10.9,,,,-4.1
133,대전,2026/01/02 22:00,-6.2,,1,340,69,-10.9,,,,-4.7
133,대전,2026/01/02 23:00,-6.7,,1.3,50,78,-9.9,,,,-5
133,대전,2026/01/03 0:00,-7.6,0,0.9,360,81,-10.3,,,,-5.4
133,대전,2026/01/03 1:00,-8.4,,0.6,340,84,-10.6,,,,-5.8
133,대전,2026/01/03 2:00,-8.4,,1.3,340,77,-11.7,,,,-6.1
133,대전,2026/01/03 3:00,-9.1,,1.1,320,78,-12.2,,,,-6.3
133,대전,2026/01/03 4:00,-9.2,,0.5,20,78,-12.3,,,,-6.5
133,대전,2026/01/03 5:00,-9.7,,1.9,340,80,-12.5,,,,-6.6
133,대전,2026/01/03 6:00,-9.8,,0.4,0,80,-12.6,,,,-6.7
133,대전,2026/01/03 7:00,-10.2,,2,340,82,-12.6,,,,-6.8
133,대전,2026/01/03 8:00,-10,,1,340,81,-12.6,0.1,0.01,,-6.8
133,대전,2026/01/03 9:00,-7.8,,0.4,0,73,-11.8,1,0.34,,-5.4
133,대전,2026/01/03 10:00,-4.4,,0.4,0,65,-10,1,0.94,,-3.4
133,대전,2026/01/03 11:00,-1.8,,1.2,180,56,-9.4,1,1.41,,-1.2
133,대전,2026/01/03 12:00,0.4,,1.6,140,53,-8,1,1.77,,-0.3
133,대전,2026/01/03 13:00,1.8,,1,270,44,-9.1,1,1.86,,0.8
133,대전,2026/01/03 14:00,1.9,,1.8,140,43,-9.3,0.3,1.24,,0.2
133,대전,2026/01/03 15:00,2,,1.7,180,43,-9.2,0.3,0.91,,0.1
133,대전,2026/01/03 16:00,1.7,,0.5,180,45,-8.9,0,0.39,,-0.6
133,대전,2026/01/03 17:00,1.4,,1.3,230,55,-6.6,0,0.12,,-0.9
133,대전,2026/01/03 18:00,0.9,,1.2,200,58,-6.4,0,0.01,,-0.9
133,대전,2026/01/03 19:00,0.6,,1.4,230,62,-5.8,,,,-1
133,대전,2026/01/03 20:00,0.4,,0.3,0,64,-5.6,,,,-1
133,대전,2026/01/03 21:00,0.4,,0.2,0,67,-5,,,,-1
133,대전,2026/01/03 22:00,0.2,,0.2,0,67,-5.2,,,,-1
133,대전,2026/01/03 23:00,0.1,,0.4,0,69,-4.9,,,,-1
133,대전,2026/01/04 0:00,0,,0.6,360,68,-5.2,,,,-1
133,대전,2026/01/04 1:00,0.1,,0.6,20,69,-4.9,,,,-1
133,대전,2026/01/04 2:00,0.2,,0.9,360,70,-4.6,,,,-1.1
133,대전,2026/01/04 3:00,0.1,,0.9,20,71,-4.5,,,,-1.1
133,대전,2026/01/04 4:00,0.2,,0.9,140,73,-4,,,,-1.1
133,대전,2026/01/04 5:00,0.6,,0.2,0,72,-3.8,,,,-1.1
133,대전,2026/01/04 6:00,0.9,,0.9,230,71,-3.7,,,,-1.1
133,대전,2026/01/04 7:00,0.5,,0.4,0,72,-3.9,,,,-1.1
133,대전,2026/01/04 8:00,0.1,,1.1,20,72,-4.3,0,0,,-1.4
133,대전,2026/01/04 9:00,0.1,,0.3,0,73,-4.1,0,0.18,,-1.4
133,대전,2026/01/04 10:00,2.8,,0.2,0,63,-3.5,0.8,0.68,,-0.8
133,대전,2026/01/04 11:00,4.7,,1.8,320,59,-2.6,0.8,1.08,,-0.3
133,대전,2026/01/04 12:00,6,,3.9,320,55,-2.3,0.6,1.28,,2.2
133,대전,2026/01/04 13:00,6.5,,3,320,52,-2.6,0.9,1.74,,2.6
133,대전,2026/01/04 14:00,5.9,,4.1,340,52,-3.2,1,1.38,,2.2
133,대전,2026/01/04 15:00,6.5,,3.2,320,49,-3.4,0.9,1.33,,1.4
133,대전,2026/01/04 16:00,6.8,,2.4,320,43,-4.9,1,0.92,,0.5
133,대전,2026/01/04 17:00,5.2,,2.1,320,41,-7,0.1,0.23,,-0.8
133,대전,2026/01/04 18:00,3.7,,2.3,340,50,-5.7,0,0.02,,-0.9
133,대전,2026/01/04 19:00,2.8,,1.6,340,55,-5.3,,,,-1
133,대전,2026/01/04 20:00,2,,2.1,320,62,-4.5,,,,-1
133,대전,2026/01/04 21:00,1.9,,1.2,340,62,-4.6,,,,-1
133,대전,2026/01/04 22:00,1.1,,1.6,340,68,-4.1,,,,-1.1
133,대전,2026/01/04 23:00,0.7,,1.9,340,70,-4.1,,,,-1.1
133,대전,2026/01/05 0:00,0.7,,1.5,340,69,-4.3,,,,-1.1
133,대전,2026/01/05 1:00,0.4,,0.8,340,71,-4.2,,,,-1.1
133,대전,2026/01/05 2:00,0.2,,0.1,0,74,-3.8,,,,-1.3
133,대전,2026/01/05 3:00,-0.4,,1.7,340,76,-4.1,,,,-1.4
133,대전,2026/01/05 4:00,-0.2,,1.8,320,72,-4.6,,,,-1.4
133,대전,2026/01/05 5:00,-1,,1.7,340,72,-5.4,,,,-1.7
133,대전,2026/01/05 6:00,-1.5,,1.1,340,75,-5.3,,,,-1.9
133,대전,2026/01/05 7:00,-2.2,,1.1,90,84,-4.5,,,,-2.2
133,대전,2026/01/05 8:00,-2.7,,0.1,0,82,-5.3,0,0,,-2.5
133,대전,2026/01/05 9:00,-0.7,,0.3,0,78,-4,0.7,0.3,,-1.8
133,대전,2026/01/05 10:00,1.4,,0.3,0,59,-5.7,1,0.88,,-0.9
133,대전,2026/01/05 11:00,2.4,,3.2,320,45,-8.3,1,1.44,,-0.5
133,대전,2026/01/05 12:00,3.6,,2.3,320,43,-7.8,1,1.83,,0
133,대전,2026/01/05 13:00,4.7,,2.3,320,35,-9.4,1,1.89,,0.6
133,대전,2026/01/05 14:00,4.9,,4.1,320,21,-15.6,1,1.87,,0.9
133,대전,2026/01/05 15:00,5,,3.9,320,18,-17.4,1,1.58,,1
133,대전,2026/01/05 16:00,3.8,,3.8,320,19,-17.7,1,1.12,,-0.5
133,대전,2026/01/05 17:00,1.1,,3.8,320,26,-16.3,0.7,0.42,,-0.9
133,대전,2026/01/05 18:00,-0.9,,3.5,320,31,-15.9,0,0.02,,-1.3
133,대전,2026/01/05 19:00,-2,,2.4,320,39,-14.1,,,,-1.5
133,대전,2026/01/05 20:00,-2.9,,1.3,320,42,-14,,,,-1.8
133,대전,2026/01/05 21:00,-2,,1.5,290,40,-13.8,,,,-2.2
133,대전,2026/01/05 22:00,-3.2,,1.2,270,46,-13.2,,,,-2.4
133,대전,2026/01/05 23:00,-3.9,,1.2,320,52,-12.3,,,,-2.8
133,대전,2026/01/06 0:00,-4.4,,0.2,0,56,-11.8,,,,-2.9
133,대전,2026/01/06 1:00,-4.6,,0.8,360,58,-11.6,,,,-3.2
133,대전,2026/01/06 2:00,-5.1,,0.4,0,60,-11.6,,,,-3.4
133,대전,2026/01/06 3:00,-5.2,,1.1,340,62,-11.3,,,,-3.7
133,대전,2026/01/06 4:00,-6.1,,1.1,320,66,-11.4,,,,-4
133,대전,2026/01/06 5:00,-6.4,,0.3,0,69,-11.1,,,,-4.2
133,대전,2026/01/06 6:00,-6.9,,1.1,320,71,-11.2,,,,-4.4
133,대전,2026/01/06 7:00,-7.3,,1.4,320,73,-11.3,,,,-4.6
133,대전,2026/01/06 8:00,-7.5,,0.5,290,74,-11.3,0.1,0.01,,-4.7
133,대전,2026/01/06 9:00,-4.9,,0.9,320,66,-10.2,1,0.34,,-3.6
133,대전,2026/01/06 10:00,-2.1,,0.9,160,53,-10.4,1,0.97,,-1.9
133,대전,2026/01/06 11:00,0.1,,1.4,180,44,-10.7,1,1.5,,-0.6
133,대전,2026/01/06 12:00,2.1,,1.2,20,35,-11.8,1,1.88,,0
133,대전,2026/01/06 13:00,3.1,,1.7,340,27,-14.1,1,2,,0.7
133,대전,2026/01/06 14:00,4.1,,1.5,140,28,-12.8,1,1.84,,0.8
133,대전,2026/01/06 15:00,5.1,,1.7,110,21,-15.4,1,1.59,,1.2
133,대전,2026/01/06 16:00,4.9,,2.4,160,24,-14,1,1.06,,-0.5
133,대전,2026/01/06 17:00,3.2,,1,140,28,-13.6,0.4,0.31,,-0.8
133,대전,2026/01/06 18:00,2,,0.7,200,31,-13.3,0,0.03,,-1
133,대전,2026/01/06 19:00,1.2,,0.8,250,39,-11.2,,,,-1.1
133,대전,2026/01/06 20:00,0.7,,0.7,270,45,-9.9,,,,-1.1
133,대전,2026/01/06 21:00,0.7,,1.1,200,48,-9,,,,-1.1
133,대전,2026/01/06 22:00,0.7,,0.9,200,48,-9,,,,-1.1
133,대전,2026/01/06 23:00,0.9,,2.1,200,52,-7.8,,,,-1.1
133,대전,2026/01/07 0:00,1.3,,2.1,200,49,-8.2,,,,-1
133,대전,2026/01/07 1:00,1.4,,1.7,200,50,-7.9,,,,-0.9
133,대전,2026/01/07 2:00,1.1,,0.7,110,58,-6.2,,,,-1
133,대전,2026/01/07 3:00,1.2,,1.3,200,61,-5.5,,,,-1
133,대전,2026/01/07 4:00,1.2,,1.3,180,62,-5.2,,,,-1
133,대전,2026/01/07 5:00,1.6,,1.8,230,71,-3.1,,,,-1.2
133,대전,2026/01/07 6:00,0.5,,2.1,200,77,-3,,,,-1.7
133,대전,2026/01/07 7:00,-0.4,,1.2,250,76,-4.1,,,,-1.9
133,대전,2026/01/07 8:00,-0.1,,1.2,270,80,-3.1,0,0,,-1.7
133,대전,2026/01/07 9:00,0.8,,0.7,140,78,-2.6,0.1,0.21,,-1.4
133,대전,2026/01/07 10:00,2.1,,1.4,290,75,-1.8,0.1,0.23,,-0.9
133,대전,2026/01/07 11:00,5,,3.8,320,54,-3.5,0.2,0.7,,-0.5
133,대전,2026/01/07 12:00,6.3,0,4.3,320,36,-7.7,1,1.73,,0.3
133,대전,2026/01/07 13:00,6.1,,4.7,320,34,-8.6,1,1.9,,1.1
133,대전,2026/01/07 14:00,5.4,,6,320,30,-10.8,1,1.88,,1.9
133,대전,2026/01/07 15:00,5,,5.3,320,33,-9.9,1,1.55,,1.7
133,대전,2026/01/07 16:00,4.7,,2.8,290,36,-9.1,1,1.08,,0.3
133,대전,2026/01/07 17:00,2.5,,3.7,320,39,-10,0.7,0.42,,-0.7
133,대전,2026/01/07 18:00,1.3,,2.3,320,47,-8.7,0,0.03,,-1
133,대전,2026/01/07 19:00,0,,2.8,290,48,-9.7,,,,-1.2
133,대전,2026/01/07 20:00,-0.9,,3.3,320,53,-9.2,,,,-1.3
133,대전,2026/01/07 21:00,-1.6,,3.1,320,55,-9.4,,,,-1.6
133,대전,2026/01/07 22:00,-1.9,,2.3,320,55,-9.7,,,,-1.7
133,대전,2026/01/07 23:00,-2.2,,5.1,320,47,-12,,,,-2
133,대전,2026/01/08 0:00,-3,,4.3,320,50,-11.9,,,,-2.3
133,대전,2026/01/08 1:00,-3.7,,2.5,20,52,-12.1,,,,-2.6
133,대전,2026/01/08 2:00,-4.5,,2.6,340,48,-13.8,,,,-2.9
133,대전,2026/01/08 3:00,-5.1,,2.6,340,46,-14.9,,,,-3.3
133,대전,2026/01/08 4:00,-5.9,,1,320,48,-15.1,,,,-3.7
133,대전,2026/01/08 5:00,-6.4,,1.1,320,49,-15.3,,,,-4
133,대전,2026/01/08 6:00,-6.9,,0.9,340,51,-15.3,,,,-4.3
133,대전,2026/01/08 7:00,-7.1,,1.4,50,54,-14.8,,,,-4.5
133,대전,2026/01/08 8:00,-6.9,,0.9,320,54,-14.6,0.1,0.01,,-4.7
133,대전,2026/01/08 9:00,-4.6,,2.4,320,47,-14.2,1,0.35,,-3.6
133,대전,2026/01/08 10:00,-3.7,,3.2,340,38,-15.9,1,0.98,,-2.3
133,대전,2026/01/08 11:00,-2.4,,2.2,340,31,-17.2,1,1.54,,-0.9
133,대전,2026/01/08 12:00,-0.9,,2.7,340,26,-18,1,1.91,,-0.3
133,대전,2026/01/08 13:00,-0.5,,2.5,340,21,-20.2,1,2.07,,0.2
133,대전,2026/01/08 14:00,0.4,,3.1,290,19,-20.6,1,1.98,,0.3
133,대전,2026/01/08 15:00,0.8,,3.5,320,19,-20.2,1,1.66,,0.1
133,대전,2026/01/08 16:00,1.1,,3.3,320,20,-19.4,1,1.18,,-0.6
133,대전,2026/01/08 17:00,-0.7,,2.4,320,19,-21.5,0.7,0.46,,-1
133,대전,2026/01/08 18:00,-2.2,,1.9,320,23,-20.5,0,0.02,,-1.5
133,대전,2026/01/08 19:00,-3,,2.1,340,28,-18.9,,,,-2.2
133,대전,2026/01/08 20:00,-3.7,,1.3,20,33,-17.6,,,,-3
133,대전,2026/01/08 21:00,-4.4,,1.7,340,40,-16,,,,-3.6
133,대전,2026/01/08 22:00,-4.4,,0.6,360,40,-16,,,,-3.9
133,대전,2026/01/08 23:00,-5.3,,0.2,0,48,-14.6,,,,-4
133,대전,2026/01/09 0:00,-5.7,,1,320,50,-14.4,,,,-4.2
133,대전,2026/01/09 1:00,-6.1,,0.5,320,53,-14.1,,,,-4.4
133,대전,2026/01/09 2:00,-6.5,,1.2,340,57,-13.6,,,,-4.6
133,대전,2026/01/09 3:00,-6.8,,0.4,0,58,-13.6,,,,-4.8
133,대전,2026/01/09 4:00,-7.1,,1,290,60,-13.5,,,,-4.9
133,대전,2026/01/09 5:00,-6.8,,0.1,0,62,-12.8,,,,-4.2
133,대전,2026/01/09 6:00,-6.4,,0.9,270,62,-12.4,,,,-3.7
133,대전,2026/01/09 7:00,-6.1,,0,0,63,-12,,,,-3.6
133,대전,2026/01/09 8:00,-6.1,,1,290,64,-11.8,0,0,,-4.4
133,대전,2026/01/09 9:00,-3.8,,0.5,320,60,-10.4,0.8,0.32,,-3.4
133,대전,2026/01/09 10:00,-1.9,,0.7,230,55,-9.7,0.8,0.83,,-1.3
133,대전,2026/01/09 11:00,1.6,,1.7,180,47,-8.5,0.7,1.28,,-0.5
133,대전,2026/01/09 12:00,5,,2.3,200,45,-5.9,0.9,1.63,,0.3
133,대전,2026/01/09 13:00,6.5,,2,250,45,-4.6,0.6,1.7,,1.5
133,대전,2026/01/09 14:00,5.6,,1.9,250,48,-4.5,0.2,0.91,,0.7
133,대전,2026/01/09 15:00,5.6,,2.6,230,50,-4,0,0.45,,0.4
133,대전,2026/01/09 16:00,5.9,,2.4,200,50,-3.7,0,0.45,,0.5
133,대전,2026/01/09 17:00,5.5,,3,200,52,-3.5,0,0.19,,-0.2
133,대전,2026/01/09 18:00,5.3,,2.6,200,53,-3.5,0,0.01,,-0.6
133,대전,2026/01/09 19:00,5.2,,2.9,200,53,-3.6,,,,-0.8
133,대전,2026/01/09 20:00,5.2,,3,200,53,-3.6,,,,-0.7
133,대전,2026/01/09 21:00,5.2,,4.3,200,55,-3.1,,,,-0.8
133,대전,2026/01/09 22:00,5.2,,2.8,200,57,-2.6,,,,-0.8
133,대전,2026/01/09 23:00,5.5,,3.7,200,59,-1.8,,,,-0.8
133,대전,2026/01/10 0:00,5.4,,2.5,180,61,-1.5,,,,-0.6
133,대전,2026/01/10 1:00,5.6,,2.7,180,62,-1.1,,,,-0.7
133,대전,2026/01/10 2:00,6.4,,2.9,200,64,0,,,,-0.1
133,대전,2026/01/10 3:00,6.6,,2.5,250,64,0.2,,,,0
133,대전,2026/01/10 4:00,7.4,,4.6,200,62,0.5,,,,0.3
133,대전,2026/01/10 5:00,7.6,,2.7,230,65,1.4,,,,0.4
133,대전,2026/01/10 6:00,8.3,0,3.7,230,63,1.6,,,,0.7
133,대전,2026/01/10 7:00,8.3,,3.3,250,65,2,,,,0.7
133,대전,2026/01/10 8:00,8.2,,3,250,62,1.3,0,0,,0.5
133,대전,2026/01/10 9:00,8.3,0,3.4,270,52,-0.9,0,0.19,,0.8
133,대전,2026/01/10 10:00,8,,5.1,290,41,-4.4,0.4,0.62,,2.1
133,대전,2026/01/10 11:00,7.3,,5.7,270,38,-6.1,0.5,0.98,,2.8
133,대전,2026/01/10 12:00,7.1,,3.8,270,35,-7.3,0.4,0.98,,3.5
133,대전,2026/01/10 13:00,6.4,,4.7,270,34,-8.3,0.7,1.66,,4.5
133,대전,2026/01/10 14:00,5.9,,5.7,290,28,-11.2,0.4,0.97,,3.3
133,대전,2026/01/10 15:00,5.3,,5.4,290,30,-10.9,0.6,1.36,,3.9
133,대전,2026/01/10 16:00,1.7,,5.6,290,72,-2.8,0,0.31,,1.2
133,대전,2026/01/10 17:00,-0.1,,3.8,290,92,-1.2,0,0.12,1.6,0.2
133,대전,2026/01/10 18:00,-0.4,1.1,4,290,72,-4.8,0,0.01,2.2,0
133,대전,2026/01/10 19:00,-0.7,,3.3,290,71,-5.3,,,2,-0.2
133,대전,2026/01/10 20:00,-1.1,,5.5,290,65,-6.8,,,2,-0.4
133,대전,2026/01/10 21:00,-1.7,0,4.4,320,68,-6.8,,,2.3,-0.6
133,대전,2026/01/10 22:00,-1.7,,3.8,320,60,-8.4,,,2.3,-0.7
133,대전,2026/01/10 23:00,-2.1,,4.1,320,59,-9,,,2.2,-0.7
133,대전,2026/01/11 0:00,-2.4,0,4,320,54,-10.4,,,2.1,-0.9
133,대전,2026/01/11 1:00,-3.2,,4.6,320,56,-10.7,,,2.1,-1
133,대전,2026/01/11 2:00,-3.8,,4.5,320,55,-11.5,,,2,-1
133,대전,2026/01/11 3:00,-4.5,,3,320,57,-11.7,,,2,-1.1
133,대전,2026/01/11 4:00,-4.8,,3.8,320,54,-12.7,,,1.9,-1.2
133,대전,2026/01/11 5:00,-5.3,,4,320,50,-14.1,,,1.9,-1.2
133,대전,2026/01/11 6:00,-6.3,,2.4,320,52,-14.5,,,1.9,-1.3
133,대전,2026/01/11 7:00,-6.6,,0.8,320,48,-15.8,,,1.8,-1.4
133,대전,2026/01/11 8:00,-7.6,,0.8,20,48,-16.7,0.1,0.01,1.8,-1.5
133,대전,2026/01/11 9:00,-4.8,,1.6,360,38,-16.9,1,0.36,1.7,-0.9
133,대전,2026/01/11 10:00,-4.7,,3.3,340,36,-17.5,0.8,0.72,1.7,-0.9
133,대전,2026/01/11 11:00,-3.8,,3.9,340,31,-18.5,0.9,1.28,1.5,-0.6
133,대전,2026/01/11 12:00,-2.6,,4.5,320,30,-17.8,1,1.84,1.4,-0.5
133,대전,2026/01/11 13:00,-2,,3.9,320,33,-16.1,0.9,1.86,1.1,-0.5
133,대전,2026/01/11 14:00,-1.3,,3.2,320,33,-15.5,1,2.04,0.5,-0.3
133,대전,2026/01/11 15:00,-1.9,,4.9,320,34,-15.7,1,1.55,0.3,-0.4
133,대전,2026/01/11 16:00,-2.4,,5.1,320,37,-15.1,1,1.19,,-0.3
133,대전,2026/01/11 17:00,-3.8,,3.7,320,44,-14.2,0.7,0.5,,-0.8
133,대전,2026/01/11 18:00,-5,,2.8,340,48,-14.3,0,0.03,,-1.1
133,대전,2026/01/11 19:00,-6,,1.9,320,53,-14,,,,-1.3
133,대전,2026/01/11 20:00,-6.3,,1.3,290,53,-14.3,,,,-1.4
133,대전,2026/01/11 21:00,-6.9,,0.6,320,58,-13.7,,,,-1.6
133,대전,2026/01/11 22:00,-7.1,,0.9,360,62,-13.1,,,,-1.6
133,대전,2026/01/11 23:00,-7.5,,0.1,0,66,-12.7,,,,-1.8
133,대전,2026/01/12 0:00,-7.8,,0.9,340,69,-12.5,,,,-1.7
133,대전,2026/01/12 1:00,-8.2,,1.3,340,71,-12.5,,,,-1.7
133,대전,2026/01/12 2:00,-8.1,,1.4,270,70,-12.6,,,,-1.8
133,대전,2026/01/12 3:00,-8.1,,0.6,290,72,-12.2,,,,-1.7
133,대전,2026/01/12 4:00,-7.6,,0.8,340,72,-11.7,,,,-1.6
133,대전,2026/01/12 5:00,-7.8,,1.1,340,73,-11.8,,,,-1.8
133,대전,2026/01/12 6:00,-8.2,,1.4,340,74,-12,,,,-1.9
133,대전,2026/01/12 7:00,-7.8,,1,320,77,-11.1,,,,-1.7
133,대전,2026/01/12 8:00,-7.6,,0.4,0,74,-11.4,0,0,,-1.8
133,대전,2026/01/12 9:00,-5.9,0,0.2,0,69,-10.6,0.5,0.25,,-1.5
133,대전,2026/01/12 10:00,-3,,0.4,0,57,-10.3,1,0.93,,-0.7
133,대전,2026/01/12 11:00,-1.1,,1.2,180,53,-9.4,1,1.38,,-0.5
133,대전,2026/01/12 12:00,1.1,0,2.3,200,51,-7.9,1,1.66,,-0.4
133,대전,2026/01/12 13:00,1,,1.2,230,60,-5.9,0.1,0.74,,-0.7
133,대전,2026/01/12 14:00,1.5,,2,230,64,-4.5,0,0.42,,-0.8
133,대전,2026/01/12 15:00,1.6,0,4,200,63,-4.6,0,0.55,,-0.7
133,대전,2026/01/12 16:00,2.1,,3.3,200,59,-5,0,0.31,,-0.7
133,대전,2026/01/12 17:00,2.8,,3.4,200,57,-4.8,0.1,0.23,,-0.8
133,대전,2026/01/12 18:00,2.7,0,2.3,200,59,-4.5,0,0.03,,-0.8
133,대전,2026/01/12 19:00,3.1,,3,200,60,-3.9,,,,-0.8
133,대전,2026/01/12 20:00,2.9,,0.2,0,62,-3.6,,,,-0.8
133,대전,2026/01/12 21:00,3.1,,2,180,65,-2.8,,,,-0.8
133,대전,2026/01/12 22:00,2.6,,1.1,160,74,-1.5,,,,-0.8
133,대전,2026/01/12 23:00,1.8,,2.3,360,90,0.3,,,,-0.9
133,대전,2026/01/13 0:00,2,1.3,0.9,140,94,1.1,,,,-0.9
133,대전,2026/01/13 1:00,4.8,,2.4,290,86,2.6,,,,-0.8
133,대전,2026/01/13 2:00,4.7,,2.5,290,79,1.3,,,,-0.8
133,대전,2026/01/13 3:00,4.2,0.3,2.8,290,68,-1.1,,,,-0.8
133,대전,2026/01/13 4:00,3.7,,2.8,290,64,-2.4,,,,-0.9
133,대전,2026/01/13 5:00,3.2,,2.2,290,63,-3.1,,,,-0.9
133,대전,2026/01/13 6:00,2.8,,2.3,320,66,-2.9,,,,-1
133,대전,2026/01/13 7:00,1.3,,2.8,320,68,-3.9,,,,-1.1
133,대전,2026/01/13 8:00,0.9,,2.7,320,66,-4.7,0,0,,-1.1
133,대전,2026/01/13 9:00,1.3,,2.8,340,49,-8.2,0.7,0.3,,-1
133,대전,2026/01/13 10:00,2.1,,3.6,340,41,-9.8,1,0.89,,-0.6
133,대전,2026/01/13 11:00,2.1,,3,340,46,-8.3,0.8,1.14,,-0.5
133,대전,2026/01/13 12:00,3,,3.3,320,44,-8,0.7,1.26,,0.1
133,대전,2026/01/13 13:00,2.4,,6.1,320,39,-10.1,0.7,1.63,,0.9
133,대전,2026/01/13 14:00,3,,5.3,320,38,-9.9,1,1.8,,3.3
133,대전,2026/01/13 15:00,2.7,,5.5,320,36,-10.9,0.9,1.4,,3.8
133,대전,2026/01/13 16:00,1.9,,4.9,320,37,-11.2,1,1.16,,2.1
133,대전,2026/01/13 17:00,0,,3.3,320,46,-10.2,0.8,0.48,,-0.6
133,대전,2026/01/13 18:00,-2.1,,2.4,20,53,-10.4,0,0.04,,-0.9
133,대전,2026/01/13 19:00,-2.9,,2.3,340,57,-10.2,,,,-1.4
133,대전,2026/01/13 20:00,-2.8,,2.4,320,53,-11,,,,-1.7
133,대전,2026/01/13 21:00,-3.1,,2.3,320,52,-11.5,,,,-1.9
133,대전,2026/01/13 22:00,-3.4,,2.4,320,54,-11.3,,,,-2
133,대전,2026/01/13 23:00,-4.1,,2.2,320,56,-11.5,,,,-2.3
133,대전,2026/01/14 0:00,-4.9,,1.1,320,58,-11.9,,,,-2.4
133,대전,2026/01/14 1:00,-5.4,,2,20,56,-12.8,,,,-2.6
133,대전,2026/01/14 2:00,-6.3,,1.9,340,56,-13.6,,,,-2.9
133,대전,2026/01/14 3:00,-6.8,,0.9,360,55,-14.3,,,,-3.2
133,대전,2026/01/14 4:00,-6.6,,0.1,0,54,-14.3,,,,-3.4
133,대전,2026/01/14 5:00,-7,,0.7,90,57,-14.1,,,,-3.6
133,대전,2026/01/14 6:00,-7.4,,1.5,320,65,-12.8,,,,-3.9
133,대전,2026/01/14 7:00,-7.5,,1.6,340,66,-12.7,,,,-4.1
133,대전,2026/01/14 8:00,-7.4,,0.6,360,67,-12.4,0,0.01,,-4.1
133,대전,2026/01/14 9:00,-5.6,,0.6,340,61,-11.9,0.9,0.31,,-2.9
133,대전,2026/01/14 10:00,-2.8,,0.8,140,52,-11.3,1,0.88,,-1.3
133,대전,2026/01/14 11:00,-0.9,,1.9,180,44,-11.6,1,1.41,,-0.5
133,대전,2026/01/14 12:00,1.1,,1.3,110,28,-15.4,1,1.77,,0.1
133,대전,2026/01/14 13:00,2.2,,1.2,110,22,-17.3,1,1.9,,0.3
133,대전,2026/01/14 14:00,4.3,,0.8,110,21,-16.1,0.8,1.61,,1.2
133,대전,2026/01/14 15:00,4,,0.8,360,23,-15.3,0.7,1.09,,0.6
133,대전,2026/01/14 16:00,3.8,,0.4,0,24,-14.9,0,0.31,,-0.3
133,대전,2026/01/14 17:00,3.3,,1.2,20,26,-14.4,0,0.15,,-0.6
133,대전,2026/01/14 18:00,2.9,,0.9,20,28,-13.8,0,0.02,,-0.7
133,대전,2026/01/14 19:00,2.6,,0.7,320,31,-12.8,,,,-1
133,대전,2026/01/14 20:00,2.2,,0.5,340,33,-12.4,,,,-0.9
133,대전,2026/01/14 21:00,1.9,,1.4,340,36,-11.6,,,,-0.9
133,대전,2026/01/14 22:00,1.9,,0,0,36,-11.6,,,,-0.9
133,대전,2026/01/14 23:00,1.7,,1.3,320,40,-10.4,,,,-0.9
133,대전,2026/01/15 0:00,2,,0.2,0,42,-9.5,,,,-0.9
133,대전,2026/01/15 1:00,2.5,,0.2,0,39,-10,,,,-0.8
133,대전,2026/01/15 2:00,2.5,,0.1,0,43,-8.8,,,,-0.8
133,대전,2026/01/15 3:00,2.7,,0.1,0,45,-8,,,,-0.8
133,대전,2026/01/15 4:00,2.9,,1,90,44,-8.1,,,,-0.8
133,대전,2026/01/15 5:00,3.3,,1.4,90,48,-6.6,,,,-0.8
133,대전,2026/01/15 6:00,9.3,,3.1,200,84,6.7,,,,-0.1
133,대전,2026/01/15 7:00,10.7,,1.9,250,78,7,,,,0.5
133,대전,2026/01/15 8:00,10.7,,1.9,230,77,6.8,0,0,,1.6
133,대전,2026/01/15 9:00,11.1,,2.5,200,76,7,0,0.06,,3.3
133,대전,2026/01/15 10:00,11.6,,1.7,250,72,6.7,0,0.29,,5.2
133,대전,2026/01/15 11:00,11.5,,2.3,230,70,6.2,0,0.18,,5.9
133,대전,2026/01/15 12:00,11.7,,2.4,250,68,5.9,0,0.47,,7.2
133,대전,2026/01/15 13:00,12.1,,3.1,230,64,5.4,0,0.65,,8.7
133,대전,2026/01/15 14:00,12.2,,2.5,230,63,5.3,0,0.64,,8.7
133,대전,2026/01/15 15:00,11.9,,3.2,200,61,4.6,0.2,0.72,,8.9
133,대전,2026/01/15 16:00,11.9,,1.8,290,58,3.8,0.6,0.73,,8
133,대전,2026/01/15 17:00,10.4,,2,230,66,4.3,0,0.35,,5.9
133,대전,2026/01/15 18:00,8.9,,1.1,230,77,5,0,0.04,,3.8
133,대전,2026/01/15 19:00,7.9,,0.9,270,79,4.4,,,,2.4
133,대전,2026/01/15 20:00,6.4,,0.5,20,78,2.8,,,,1.2
133,대전,2026/01/15 21:00,5.2,,1.4,320,84,2.7,,,,0.7
133,대전,2026/01/15 22:00,4.2,,1.3,290,87,2.2,,,,0
133,대전,2026/01/15 23:00,2.9,,0.8,270,90,1.4,,,,-0.4
133,대전,2026/01/16 0:00,2.1,,1.5,140,91,0.7,,,,-0.6
133,대전,2026/01/16 1:00,1.6,,0.6,50,93,0.5,,,,-0.7
133,대전,2026/01/16 2:00,0.5,,0.9,320,92,-0.6,,,,-0.9
133,대전,2026/01/16 3:00,0.1,,0.4,0,94,-0.7,,,,-1.1
133,대전,2026/01/16 4:00,-0.3,,0.1,0,95,-1,,,,-1.2
133,대전,2026/01/16 5:00,-1.1,,1.1,340,95,-1.8,,,,-1.4
133,대전,2026/01/16 6:00,-1.2,,0.1,0,95,-1.9,,,,-1.2
133,대전,2026/01/16 7:00,-0.6,,0,0,96,-1.1,,,,-1
133,대전,2026/01/16 8:00,0.3,,1.1,50,97,-0.1,0,0,,-1
133,대전,2026/01/16 9:00,0.4,,1.1,50,97,0,0,0.08,,-0.9
133,대전,2026/01/16 10:00,0.7,,0.5,90,97,0.2,0,0.23,,-0.6
133,대전,2026/01/16 11:00,1.2,,0.9,340,94,0.3,0,0.44,,1.6
133,대전,2026/01/16 12:00,2.1,,2,50,88,0.3,0,0.83,,4.2
133,대전,2026/01/16 13:00,4.6,,1.9,140,76,0.7,0.5,1.53,,4.8
133,대전,2026/01/16 14:00,7.1,,1.1,140,58,-0.6,1,1.88,,5.2
133,대전,2026/01/16 15:00,9.6,,1.3,160,51,0,1,1.6,,5.4
133,대전,2026/01/16 16:00,9.7,,1.1,50,50,-0.2,1,1.11,,5.1
133,대전,2026/01/16 17:00,8.4,,0.5,50,52,-0.9,0.8,0.49,,3.7
133,대전,2026/01/16 18:00,6.6,,1.6,340,58,-1,0,0.05,,2
133,대전,2026/01/16 19:00,4.7,,1.9,340,70,-0.3,,,,1
133,대전,2026/01/16 20:00,3.5,,0.5,140,76,-0.3,,,,0.2
133,대전,2026/01/16 21:00,2.6,,0.6,230,80,-0.5,,,,-0.1
133,대전,2026/01/16 22:00,1.5,,1.6,340,84,-0.9,,,,-0.4
133,대전,2026/01/16 23:00,0.9,,0.8,180,88,-0.8,,,,-0.6
133,대전,2026/01/17 0:00,0.4,,0.2,0,85,-1.8,,,,-0.7
133,대전,2026/01/17 1:00,0,,1.6,340,88,-1.7,,,,-0.8
133,대전,2026/01/17 2:00,0.4,,1.5,340,86,-1.6,,,,-0.8
133,대전,2026/01/17 3:00,2,,0.5,290,84,-0.4,,,,-0.5
133,대전,2026/01/17 4:00,2.2,,0.9,110,87,0.2,,,,0.2
133,대전,2026/01/17 5:00,2.3,,0.4,0,87,0.3,,,,0.2
133,대전,2026/01/17 6:00,1.8,,2,20,89,0.1,,,,-0.5
133,대전,2026/01/17 7:00,1.4,,1.6,20,89,-0.2,,,,-0.5
133,대전,2026/01/17 8:00,0.3,,2.3,360,89,-1.3,0,0.01,,-0.7
133,대전,2026/01/17 9:00,0.3,,1.8,20,81,-2.5,0,0.18,,-0.4
133,대전,2026/01/17 10:00,2.5,,0.8,320,71,-2.2,0.6,0.74,,0.8
133,대전,2026/01/17 11:00,3,,2.3,50,50,-6.4,1,1.46,,1.9
133,대전,2026/01/17 12:00,4.3,,1.5,50,47,-6,1,1.85,,2.7
133,대전,2026/01/17 13:00,5.5,,1,340,37,-8,1,2.03,,3.6
133,대전,2026/01/17 14:00,6.3,,1.3,360,27,-11.3,1,1.97,,4.1
133,대전,2026/01/17 15:00,7.8,,0.6,90,25,-11,1,1.67,,4.3
133,대전,2026/01/17 16:00,7,,2.1,50,25,-11.7,1,1.15,,3.8
133,대전,2026/01/17 17:00,5.6,,1.6,20,31,-10.2,0.9,0.52,,2.5
133,대전,2026/01/17 18:00,4.3,,2.2,20,34,-10.2,0,0.05,,0.8
133,대전,2026/01/17 19:00,2.1,,2,340,40,-10.1,,,,-0.5
133,대전,2026/01/17 20:00,1.7,,1.5,50,43,-9.5,,,,-0.5
133,대전,2026/01/17 21:00,0.8,,1.2,360,47,-9.2,,,,-0.7
133,대전,2026/01/17 22:00,-0.2,,1.5,340,52,-8.8,,,,-1
133,대전,2026/01/17 23:00,-1.1,,1.5,360,57,-8.5,,,,-1.3
133,대전,2026/01/18 0:00,-1.7,,1.2,20,62,-8,,,,-1.5
133,대전,2026/01/18 1:00,-2.1,,0.4,0,63,-8.2,,,,-1.6
133,대전,2026/01/18 2:00,-2.4,,1,340,66,-7.8,,,,-1.7
133,대전,2026/01/18 3:00,-2.8,,0.6,290,67,-8,,,,-1.8
133,대전,2026/01/18 4:00,-3.3,,0.2,0,72,-7.6,,,,-1.9
133,대전,2026/01/18 5:00,-3.9,,2.4,340,74,-7.8,,,,-2
133,대전,2026/01/18 6:00,-3.4,,1,110,79,-6.5,,,,-2
133,대전,2026/01/18 7:00,-3.9,,0.4,0,82,-6.5,,,,-2.1
133,대전,2026/01/18 8:00,-4,,1.5,340,78,-7.2,0,0.01,,-2.1
133,대전,2026/01/18 9:00,-2.2,,0,0,74,-6.2,0.5,0.27,,-1.3
133,대전,2026/01/18 10:00,0,,0.7,340,65,-5.8,1,0.77,,-0.8
133,대전,2026/01/18 11:00,2.4,,0.6,320,51,-6.7,0.4,1.11,,-0.3
133,대전,2026/01/18 12:00,4.1,,1.1,340,46,-6.5,0,0.74,,0.1
133,대전,2026/01/18 13:00,4.2,,2.1,50,51,-5,0,1.04,,0.5
133,대전,2026/01/18 14:00,6.3,,1.7,340,46,-4.4,0.3,1.38,,3.1
133,대전,2026/01/18 15:00,6.8,,1.9,340,43,-4.9,0.5,1.13,,3.7
133,대전,2026/01/18 16:00,6.2,,1.5,90,43,-5.4,1,0.89,,3.3
133,대전,2026/01/18 17:00,5.4,,1.7,20,45,-5.6,0.7,0.41,,2.3
133,대전,2026/01/18 18:00,4,,1.9,20,49,-5.7,0,0.05,,1.2
133,대전,2026/01/18 19:00,3.8,,1.4,20,48,-6.2,,,,0.9
133,대전,2026/01/18 20:00,3,,1.2,360,52,-5.9,,,,0
133,대전,2026/01/18 21:00,3.1,,0.9,50,52,-5.8,,,,0.8
133,대전,2026/01/18 22:00,3,,0.9,360,51,-6.1,,,,1
133,대전,2026/01/18 23:00,3.2,,0.6,360,48,-6.7,,,,1
133,대전,2026/01/19 0:00,3,,1,20,49,-6.6,,,,1.1
133,대전,2026/01/19 1:00,2.8,,1.4,340,52,-6.1,,,,1
133,대전,2026/01/19 2:00,2.6,,1.1,340,52,-6.2,,,,1
133,대전,2026/01/19 3:00,2.6,,2.3,320,56,-5.3,,,,0.9
133,대전,2026/01/19 4:00,2.3,,2.1,360,63,-4,,,,0.8
133,대전,2026/01/19 5:00,1.7,,2.1,360,74,-2.4,,,,0.9
133,대전,2026/01/19 6:00,1.2,0,1.2,360,81,-1.7,,,,0.7
133,대전,2026/01/19 7:00,0.6,,1.1,360,88,-1.1,,,,0.2
133,대전,2026/01/19 8:00,0.2,,2.9,320,91,-1.1,0,0,0.4,-0.1
133,대전,2026/01/19 9:00,-0.1,0.5,2.8,320,89,-1.7,0,0.03,0.5,-0.1
133,대전,2026/01/19 10:00,0,,2.3,320,77,-3.5,0,0.2,0.4,0.9
133,대전,2026/01/19 11:00,1.1,,3.1,320,65,-4.7,0.9,1.24,,3
133,대전,2026/01/19 12:00,1.2,0.1,2.9,320,58,-6.1,0.4,1.04,,3.6
133,대전,2026/01/19 13:00,1.7,,5,320,50,-7.6,0.9,1.49,,3.8
133,대전,2026/01/19 14:00,1.2,,3.4,320,50,-8,0.8,1.52,,4.2
133,대전,2026/01/19 15:00,1.4,,3.2,290,50,-7.9,0.2,0.82,,2.9
133,대전,2026/01/19 16:00,0.4,,3.9,320,43,-10.7,0.6,0.9,,2.3
133,대전,2026/01/19 17:00,-1.6,,4.2,320,37,-14.4,0.1,0.28,,0.5
133,대전,2026/01/19 18:00,-2.7,,2.9,320,42,-13.8,0,0.04,,-0.5
133,대전,2026/01/19 19:00,-3.6,,3.4,320,48,-13,,,,-0.9
133,대전,2026/01/19 20:00,-4.4,,2.9,340,50,-13.2,,,,-1.3
133,대전,2026/01/19 21:00,-4.9,,3.9,340,53,-13,,,,-1.7
133,대전,2026/01/19 22:00,-5.8,,3.5,320,57,-12.9,,,,-1.9
133,대전,2026/01/19 23:00,-6.5,,3.4,320,55,-14,,,,-2.2
133,대전,2026/01/20 0:00,-7.1,,2.8,320,47,-16.5,,,,-2.4
133,대전,2026/01/20 1:00,-7.6,,1.9,340,51,-16,,,,-2.7
133,대전,2026/01/20 2:00,-7.9,,1.7,20,50,-16.5,,,,-2.5
133,대전,2026/01/20 3:00,-8.1,,2.6,20,46,-17.7,,,,-2.8
133,대전,2026/01/20 4:00,-8.4,,1.6,20,45,-18.2,,,,-2.9
133,대전,2026/01/20 5:00,-8.6,,2,360,46,-18.1,,,,-3.2
133,대전,2026/01/20 6:00,-9.2,,2.1,20,49,-17.9,,,,-3.8
133,대전,2026/01/20 7:00,-9.7,,1.8,20,47,-18.9,,,,-4.3
133,대전,2026/01/20 8:00,-9.7,,2,20,48,-18.6,0,0.01,,-4.3
133,대전,2026/01/20 9:00,-8,,2,360,42,-18.6,0.8,0.41,,-3.2
133,대전,2026/01/20 10:00,-6.9,,1.8,320,40,-18.2,1,0.83,,-2.4
133,대전,2026/01/20 11:00,-6,,2,340,35,-19,1,1.28,,-1.6
133,대전,2026/01/20 12:00,-4.5,,2,320,30,-19.5,1,1.86,,-1.3
133,대전,2026/01/20 13:00,-2.5,,1.5,340,27,-18.9,1,2.16,,-0.9
133,대전,2026/01/20 14:00,-1.8,,2.3,320,26,-18.8,1,2.09,,-1.1
133,대전,2026/01/20 15:00,-0.7,,2.3,320,25,-18.3,1,1.78,,-1.1
133,대전,2026/01/20 16:00,-1.2,,2.6,340,32,-15.8,1,1.26,,-1.3
133,대전,2026/01/20 17:00,-3,,2.8,20,35,-16.3,0.9,0.6,,-2.2
133,대전,2026/01/20 18:00,-4.5,,2.5,20,41,-15.7,0,0.05,,-3.3
133,대전,2026/01/20 19:00,-5.7,,2,20,49,-14.7,,,,-3.8
133,대전,2026/01/20 20:00,-6.7,,2.2,20,54,-14.4,,,,-4.1
133,대전,2026/01/20 21:00,-7.4,,2,50,56,-14.6,,,,-4.4
133,대전,2026/01/20 22:00,-7.8,,1.3,360,57,-14.8,,,,-4.6
133,대전,2026/01/20 23:00,-8,,0.9,340,60,-14.4,,,,-4.8
133,대전,2026/01/21 0:00,-8.5,,1.6,340,65,-13.9,,,,-5
133,대전,2026/01/21 1:00,-8.8,,1.4,340,66,-14,,,,-5
133,대전,2026/01/21 2:00,-8.7,,0.8,320,69,-13.3,,,,-5.1
133,대전,2026/01/21 3:00,-8.9,0,1,320,70,-13.3,,,,-5.4
133,대전,2026/01/21 4:00,-8.3,,2.3,320,70,-12.8,,,,-5.5
133,대전,2026/01/21 5:00,-8.7,,1.6,320,73,-12.6,,,,-5.6
133,대전,2026/01/21 6:00,-9.2,0,0.8,360,78,-12.3,,,,-5.2
133,대전,2026/01/21 7:00,-9.5,,2.4,20,80,-12.3,,,,-5.5
133,대전,2026/01/21 8:00,-10,,2,360,78,-13.1,0,0.01,,-5.9
133,대전,2026/01/21 9:00,-9.1,0,1.6,360,72,-13.2,0.6,0.29,,-5.1
133,대전,2026/01/21 10:00,-6.7,,1.3,320,63,-12.5,1,1.07,,-3.2
133,대전,2026/01/21 11:00,-5.8,,2.8,320,52,-14.1,0.9,1.6,,-1.8
133,대전,2026/01/21 12:00,-4.4,,2.9,320,48,-13.7,1,1.92,,-1.4
133,대전,2026/01/21 13:00,-3.7,,5.1,320,43,-14.4,1,2.28,,-1.2
133,대전,2026/01/21 14:00,-3,,3.7,320,35,-16.3,1,2.21,,-1.3
133,대전,2026/01/21 15:00,-3,,4.2,320,32,-17.4,1,1.85,,-1.7
133,대전,2026/01/21 16:00,-3.1,,4,320,33,-17.1,1,1.34,,-2.1
133,대전,2026/01/21 17:00,-5.1,,3.4,320,37,-17.5,1,0.67,,-3.3
133,대전,2026/01/21 18:00,-6,,2.9,320,42,-16.8,0,0.05,,-4.4
133,대전,2026/01/21 19:00,-6.9,,2.8,320,47,-16.3,,,,-5
133,대전,2026/01/21 20:00,-7.4,,2.3,320,50,-16,,,,-5.4
133,대전,2026/01/21 21:00,-7.6,,1.6,290,54,-15.3,,,,-5.6
133,대전,2026/01/21 22:00,-7.9,,1.8,290,58,-14.7,,,,-5.7
133,대전,2026/01/21 23:00,-8.2,,2.6,320,58,-15,,,,-5.9
133,대전,2026/01/22 0:00,-8.4,,2.2,320,58,-15.2,,,,-6.1
133,대전,2026/01/22 1:00,-8.8,,1.5,290,60,-15.1,,,,-6.1
133,대전,2026/01/22 2:00,-8.9,,2.1,360,74,-12.6,,,,-5.4
133,대전,2026/01/22 3:00,-10.1,0,2.1,20,68,-14.8,,,0,-5.7
133,대전,2026/01/22 4:00,-11,,1.7,20,66,-16.1,,,,-6.5
133,대전,2026/01/22 5:00,-11.7,,0.7,50,65,-16.9,,,,-7.1
133,대전,2026/01/22 6:00,-11.9,,0.1,0,66,-16.9,,,,-7.5
133,대전,2026/01/22 7:00,-12.1,,0.4,0,69,-16.6,,,,-7.7
133,대전,2026/01/22 8:00,-12,,0.9,340,72,-16,0.2,0.01,,-7.8
133,대전,2026/01/22 9:00,-9.1,,1.2,320,57,-16,1,0.42,,-6
133,대전,2026/01/22 10:00,-7.5,,3.3,320,49,-16.3,1,1.08,,-4.4
133,대전,2026/01/22 11:00,-6.2,,3.3,320,44,-16.4,1,1.67,,-3.4
133,대전,2026/01/22 12:00,-4,,4.3,320,33,-17.9,1,2.04,,-2.6
133,대전,2026/01/22 13:00,-2.3,,4.1,320,31,-17.1,1,2.22,,-1.6
133,대전,2026/01/22 14:00,-2.5,,5,320,34,-16.2,1,2.2,,-1.3
133,대전,2026/01/22 15:00,-1.6,,5.1,320,34,-15.4,1,1.86,,-1.5
133,대전,2026/01/22 16:00,-2,,3.9,320,34,-15.8,1,1.32,,-2
133,대전,2026/01/22 17:00,-3.5,,4.1,320,39,-15.4,1,0.69,,-3
133,대전,2026/01/22 18:00,-4.6,,3.8,320,46,-14.4,0,0.06,,-4.1
133,대전,2026/01/22 19:00,-5.3,,2.4,320,51,-13.8,,,,-4.7
133,대전,2026/01/22 20:00,-6.8,,1,360,57,-13.9,,,,-5.4
133,대전,2026/01/22 21:00,-7,,0.7,290,60,-13.4,,,,-5.8
133,대전,2026/01/22 22:00,-6.5,,1.5,290,60,-12.9,,,,-5.9
133,대전,2026/01/22 23:00,-6.6,,1.5,230,61,-12.8,,,,-6
133,대전,2026/01/23 0:00,-7,,1.6,250,65,-12.4,,,,-6.2
133,대전,2026/01/23 1:00,-7.6,,1.1,270,68,-12.4,,,,-6.3
133,대전,2026/01/23 2:00,-8.3,,1,340,71,-12.6,,,,-6.2
133,대전,2026/01/23 3:00,-8.5,,0.1,0,75,-12.1,,,,-6.6
133,대전,2026/01/23 4:00,-9,,0.8,270,77,-12.3,,,,-6.8
133,대전,2026/01/23 5:00,-9.3,,1.4,340,77,-12.5,,,,-6.9
133,대전,2026/01/23 6:00,-9.6,,1.2,320,80,-12.4,,,,-7.1
133,대전,2026/01/23 7:00,-9.7,,0.9,320,79,-12.6,,,,-7.1
133,대전,2026/01/23 8:00,-9.9,,1.1,340,81,-12.5,0,0.01,,-7.1
133,대전,2026/01/23 9:00,-7.7,,0.4,0,74,-11.5,0.9,0.33,,-5.4
133,대전,2026/01/23 10:00,-4.8,,1.4,180,64,-10.5,0.9,0.89,,-3.2
133,대전,2026/01/23 11:00,-2.9,,1.5,160,54,-10.9,0.9,1.45,,-1.7
133,대전,2026/01/23 12:00,-0.8,,1.8,160,40,-12.7,1,1.84,,-1.1
133,대전,2026/01/23 13:00,0,,2.5,200,38,-12.6,1,2,,-0.6
133,대전,2026/01/23 14:00,0.5,,0.9,200,39,-11.8,0.5,1.43,,-0.4
133,대전,2026/01/23 15:00,1.3,,0.6,290,39,-11.1,0.3,1.1,,-0.3
133,대전,2026/01/23 16:00,0.7,,2.7,340,44,-10.1,0.2,0.64,,-0.6
133,대전,2026/01/23 17:00,0.2,,1.6,320,51,-8.7,0,0.3,,-0.9
133,대전,2026/01/23 18:00,-0.7,,0.7,250,62,-7,0,0.06,,-1.2
133,대전,2026/01/23 19:00,-1.2,,1.2,200,68,-6.3,,,,-1.3
133,대전,2026/01/23 20:00,-1.5,,2.2,200,70,-6.2,,,,-1.7
133,대전,2026/01/23 21:00,-2,,2.9,200,75,-5.8,,,,-2.6
133,대전,2026/01/23 22:00,-2.5,,1.9,230,78,-5.8,,,,-3.2
133,대전,2026/01/23 23:00,-2.5,,2.2,200,78,-5.8,,,,-3.5
133,대전,2026/01/24 0:00,-2.7,,2.1,230,81,-5.5,,,,-3.8
133,대전,2026/01/24 1:00,-1.8,,2.2,230,80,-4.8,,,,-3.7
133,대전,2026/01/24 2:00,-1.4,,1.3,270,86,-3.4,,,0.1,-2.5
133,대전,2026/01/24 3:00,-1.6,0.9,1.2,320,95,-2.3,,,2.2,-2
133,대전,2026/01/24 4:00,-1.8,,3.3,320,88,-3.5,,,2.3,-1.9
133,대전,2026/01/24 5:00,-3.5,,3.6,320,72,-7.8,,,2.3,-2.1
133,대전,2026/01/24 6:00,-5.2,0,1.3,50,62,-11.3,,,2.2,-2.6
133,대전,2026/01/24 7:00,-6.4,,1.8,50,63,-12.2,,,2.1,-3
133,대전,2026/01/24 8:00,-6.9,,0.5,340,63,-12.7,0.2,0.01,1.8,-3.3
133,대전,2026/01/24 9:00,-5.2,,0.5,250,57,-12.4,1,0.25,1.6,-2.6
133,대전,2026/01/24 10:00,-2.9,,1.6,340,49,-12.1,1,0.49,1.3,-1.8
133,대전,2026/01/24 11:00,-2.6,,3.7,340,40,-14.3,1,1.31,1,-1.4
133,대전,2026/01/24 12:00,-2.1,,2.8,320,34,-15.8,1,2.04,0.4,-1.2
133,대전,2026/01/24 13:00,-0.9,,3.1,320,33,-15.1,1,2.19,,-1
133,대전,2026/01/24 14:00,-0.4,,4,320,29,-16.3,1,2.14,,-0.9
133,대전,2026/01/24 15:00,-0.2,,3.7,290,26,-17.4,1,1.85,,-1.1
133,대전,2026/01/24 16:00,-0.1,,4.3,320,28,-16.4,1,1.34,,-1.3
133,대전,2026/01/24 17:00,-1.4,,3.2,320,31,-16.3,1,0.7,,-1.9
133,대전,2026/01/24 18:00,-2.5,,2.7,320,39,-14.5,0,0.07,,-2.7
133,대전,2026/01/24 19:00,-3,,2.7,320,43,-13.8,,,,-3.1
133,대전,2026/01/24 20:00,-3.4,,1.4,290,46,-13.3,,,,-3.5
133,대전,2026/01/24 21:00,-3.5,,1.6,320,51,-12.2,,,,-3.6
133,대전,2026/01/24 22:00,-3.6,,2,290,59,-10.4,,,,-3.7
133,대전,2026/01/24 23:00,-2.8,,1.4,320,60,-9.4,,,,-3.1
133,대전,2026/01/25 0:00,-3.6,0,1.9,320,66,-9,,,,-3.5
133,대전,2026/01/25 1:00,-3.8,,2.4,320,69,-8.6,,,,-3.5
133,대전,2026/01/25 2:00,-4.6,,2.9,20,68,-9.6,,,,-4.1
133,대전,2026/01/25 3:00,-5.6,0,3.3,340,46,-15.4,,,,-4.4
133,대전,2026/01/25 4:00,-6.9,,0.6,360,47,-16.3,,,,-5
133,대전,2026/01/25 5:00,-7,,0.3,0,44,-17.2,,,,-5.3
133,대전,2026/01/25 6:00,-7.4,,1.4,270,52,-15.5,,,,-5.5
133,대전,2026/01/25 7:00,-8.3,,0.6,70,59,-14.9,,,,-5.6
133,대전,2026/01/25 8:00,-8.5,,0.4,0,62,-14.4,0.2,0.02,,-5.7
133,대전,2026/01/25 9:00,-6.2,,1,360,55,-13.7,1,0.42,,-4.4
133,대전,2026/01/25 10:00,-3.4,,2.1,340,39,-15.4,1,1.1,,-2.9
133,대전,2026/01/25 11:00,-2,,2.2,340,33,-16.1,1,1.67,,-2
133,대전,2026/01/25 12:00,-0.7,,2,360,28,-16.9,1,2.06,,-1.5
133,대전,2026/01/25 13:00,0.9,,1.4,20,28,-15.6,1,2.2,,-1
133,대전,2026/01/25 14:00,2.4,,1.8,290,23,-16.6,1,2.14,,-0.8
133,대전,2026/01/25 15:00,1.8,,2.4,320,20,-18.8,1,1.85,,-0.9
133,대전,2026/01/25 16:00,1.7,,4,320,20,-18.9,1,1.39,,-1.1
133,대전,2026/01/25 17:00,0,,3.3,320,25,-17.7,1,0.71,,-1.7
133,대전,2026/01/25 18:00,-1.9,,3.2,320,32,-16.4,0.1,0.08,,-2.8
133,대전,2026/01/25 19:00,-3.6,,2.6,360,42,-14.6,,,,-3.5
133,대전,2026/01/25 20:00,-4.6,,1.9,20,51,-13.2,,,,-3.9
133,대전,2026/01/25 21:00,-5.4,,1.4,70,54,-13.2,,,,-4.4
133,대전,2026/01/25 22:00,-5.8,,2.2,70,57,-12.9,,,,-4.7
133,대전,2026/01/25 23:00,-6.5,,1.1,340,60,-12.9,,,,-5
133,대전,2026/01/26 0:00,-7,,1.5,360,64,-12.6,,,,-5.2
133,대전,2026/01/26 1:00,-7.6,,1.6,340,67,-12.6,,,,-5.4
133,대전,2026/01/26 2:00,-8.2,,1.6,340,70,-12.7,,,,-5.6
133,대전,2026/01/26 3:00,-8.4,,1.2,320,71,-12.7,,,,-5.8
133,대전,2026/01/26 4:00,-8.4,,1.4,340,72,-12.5,,,,-5.9
133,대전,2026/01/26 5:00,-8.8,,0.7,20,74,-12.6,,,,-6.1
133,대전,2026/01/26 6:00,-9.2,,1.5,320,78,-12.3,,,,-6.2
133,대전,2026/01/26 7:00,-9.3,,0.3,0,79,-12.2,,,,-6.3
133,대전,2026/01/26 8:00,-9,,0.8,340,79,-11.9,0,0.01,,-6.2
133,대전,2026/01/26 9:00,-8,,2.4,320,75,-11.6,0.2,0.28,,-5.2
133,대전,2026/01/26 10:00,-4.8,,1.2,180,57,-12,0.6,0.93,,-2.7
133,대전,2026/01/26 11:00,-1.9,,1.9,160,48,-11.4,1,1.54,,-1.6
133,대전,2026/01/26 12:00,0.1,,0.9,230,41,-11.6,1,1.89,,-1
133,대전,2026/01/26 13:00,0.5,,1.6,90,38,-12.2,0.9,1.87,,-0.6
133,대전,2026/01/26 14:00,0.8,,0.6,90,37,-12.2,0.1,1.13,,-0.1
133,대전,2026/01/26 15:00,1.3,,1.3,340,34,-12.8,0,0.9,,-0.1
133,대전,2026/01/26 16:00,2.2,,1.1,290,33,-12.4,0.5,0.84,,-0.5
133,대전,2026/01/26 17:00,0.9,,2.8,320,36,-12.5,0.3,0.46,,-0.9
133,대전,2026/01/26 18:00,-0.1,,1.1,230,47,-10,0,0.09,,-1.2
133,대전,2026/01/26 19:00,-0.7,,1,250,51,-9.6,,,,-1.5
133,대전,2026/01/26 20:00,-1.1,,1.1,290,54,-9.2,,,,-1.9
133,대전,2026/01/26 21:00,-1.5,,1.5,320,55,-9.3,,,,-2.4
133,대전,2026/01/26 22:00,-2,,1.4,320,53,-10.3,,,,-2.7
133,대전,2026/01/26 23:00,-2,,0.8,320,51,-10.8,,,,-2.8
133,대전,2026/01/27 0:00,-2.1,,0.5,340,53,-10.4,,,,-2.4
133,대전,2026/01/27 1:00,-1.9,,1.1,320,56,-9.5,,,,-2.2
133,대전,2026/01/27 2:00,-1.8,,1.7,320,61,-8.3,,,,-2.2
133,대전,2026/01/27 3:00,-1.7,0,2.5,320,73,-5.9,,,,-2.2
133,대전,2026/01/27 4:00,-1.8,,2.1,320,78,-5.1,,,,-2.2
133,대전,2026/01/27 5:00,-2.3,,1.5,340,73,-6.4,,,,-2.8
133,대전,2026/01/27 6:00,-3.4,0,2,340,73,-7.5,,,,-4
133,대전,2026/01/27 7:00,-4.3,,2.7,320,59,-11.1,,,,-4.7
133,대전,2026/01/27 8:00,-4.8,,1.6,340,61,-11.1,0,0.02,,-5
133,대전,2026/01/27 9:00,-2.8,,1,340,52,-11.3,1,0.39,,-3.6
133,대전,2026/01/27 10:00,-1.6,,2.4,340,49,-10.9,1,1.02,,-2.1
133,대전,2026/01/27 11:00,-0.6,,3.3,340,41,-12.2,1,1.6,,-1.3
133,대전,2026/01/27 12:00,0.9,,3.6,320,26,-16.4,1,2.05,,-0.9
133,대전,2026/01/27 13:00,1.8,,3.8,340,26,-15.7,1,2.24,,-0.5
133,대전,2026/01/27 14:00,2.7,,2.8,320,24,-15.9,1,2.16,,-0.4
133,대전,2026/01/27 15:00,2.6,,3,320,26,-15,1,1.86,,-0.6
133,대전,2026/01/27 16:00,2.3,,2.4,290,23,-16.7,1,1.37,,-0.8
133,대전,2026/01/27 17:00,0.3,,3.4,320,26,-17,1,0.73,,-1.4
133,대전,2026/01/27 18:00,-1.6,,2.2,340,37,-14.4,0.1,0.1,,-2.5
133,대전,2026/01/27 19:00,-3.1,,1.4,340,41,-14.5,,,,-3.5
133,대전,2026/01/27 20:00,-3.4,,2.7,320,41,-14.7,,,,-3.9
133,대전,2026/01/27 21:00,-3.6,,2.9,320,46,-13.5,,,,-4.2
133,대전,2026/01/27 22:00,-4,,2.3,320,48,-13.4,,,,-4.3
133,대전,2026/01/27 23:00,-4,,2,320,46,-13.9,,,,-4.5
133,대전,2026/01/28 0:00,-4.7,,1.7,320,50,-13.5,,,,-4.7
133,대전,2026/01/28 1:00,-5.8,,2.2,320,55,-13.4,,,,-5.2
133,대전,2026/01/28 2:00,-5.8,,2.6,320,57,-12.9,,,,-5.2
133,대전,2026/01/28 3:00,-6.6,,2.5,320,55,-14.1,,,,-5.5
133,대전,2026/01/28 4:00,-7.8,,1.7,360,48,-16.9,,,,-6.1
133,대전,2026/01/28 5:00,-8.7,,0.5,340,50,-17.2,,,,-6.5
133,대전,2026/01/28 6:00,-8.3,,0.8,270,44,-18.4,,,,-6.8
133,대전,2026/01/28 7:00,-9,,1.5,320,52,-17,,,,-6.9
133,대전,2026/01/28 8:00,-9,,1.9,340,55,-16.4,0.1,0.02,,-6.9
133,대전,2026/01/28 9:00,-6.2,,1,340,44,-16.4,1,0.43,,-5
133,대전,2026/01/28 10:00,-4.1,,2.4,20,33,-18,1,1.09,,-3.2
133,대전,2026/01/28 11:00,-3,,3.6,320,31,-17.7,1,1.69,,-2.3
133,대전,2026/01/28 12:00,-0.8,,2.1,340,25,-18.4,1,2.08,,-1.5
133,대전,2026/01/28 13:00,0.6,,4,320,19,-20.4,1,2.27,,-0.8
133,대전,2026/01/28 14:00,1.3,,5.6,320,18,-20.4,1,2.21,,-0.6
133,대전,2026/01/28 15:00,0.8,,5.1,320,18,-20.9,1,1.9,,-0.8
133,대전,2026/01/28 16:00,1,,3.3,320,19,-20.1,1,1.37,,-1.1
133,대전,2026/01/28 17:00,-0.7,,3.6,320,21,-20.3,1,0.72,,-1.8
133,대전,2026/01/28 18:00,-2,,2.8,320,25,-19.4,0.1,0.1,,-3
133,대전,2026/01/28 19:00,-2.7,,2.9,320,28,-18.7,,,,-3.9
133,대전,2026/01/28 20:00,-3.5,,2.7,320,33,-17.4,,,,-4.2
133,대전,2026/01/28 21:00,-4.4,,2.2,340,35,-17.5,,,,-4.7
133,대전,2026/01/28 22:00,-5.1,,2.3,340,38,-17.2,,,,-5.1
133,대전,2026/01/28 23:00,-5.2,,1.7,320,39,-17,,,,-5.3
133,대전,2026/01/29 0:00,-4.8,,1.6,290,41,-16,,,,-5.3
133,대전,2026/01/29 1:00,-5.3,,1.5,250,43,-15.9,,,,-5.4
133,대전,2026/01/29 2:00,-6.1,,0.9,250,47,-15.6,,,,-5.7
133,대전,2026/01/29 3:00,-5.9,,1.4,250,47,-15.4,,,,-5.6
133,대전,2026/01/29 4:00,-6.5,,1.5,270,53,-14.5,,,,-5.2
133,대전,2026/01/29 5:00,-6.9,,1.1,290,57,-14,,,,-5.5
133,대전,2026/01/29 6:00,-7,,0.1,0,57,-14.1,,,,-5.8
133,대전,2026/01/29 7:00,-7.1,,0.4,0,63,-12.9,,,,-5.8
133,대전,2026/01/29 8:00,-6.9,,2.1,340,63,-12.7,0,0.01,,-5.1
133,대전,2026/01/29 9:00,-5.5,,0.6,290,58,-12.4,0,0.17,,-3.7
133,대전,2026/01/29 10:00,-4,,0.6,290,45,-14.2,0,0.5,,-2
133,대전,2026/01/29 11:00,-1.7,,1.1,180,42,-12.9,0.4,1.1,,-1.1
133,대전,2026/01/29 12:00,0.3,,2.2,200,43,-10.8,0.9,1.68,,-0.5
133,대전,2026/01/29 13:00,0.7,,4.7,320,34,-13.4,0.7,1.73,,-0.2
133,대전,2026/01/29 14:00,1.9,,5,320,26,-15.6,1,2.17,,0
133,대전,2026/01/29 15:00,2.3,,5.4,320,24,-16.2,1,1.86,,-0.5
133,대전,2026/01/29 16:00,3.2,,3.5,320,21,-17,1,1.38,,-0.7
133,대전,2026/01/29 17:00,0.8,,4.8,320,19,-20.2,1,0.77,,-1.2
133,대전,2026/01/29 18:00,-0.4,,3.6,320,22,-19.5,0.2,0.12,,-2.1
133,대전,2026/01/29 19:00,-1.8,,2.5,320,26,-18.8,,,,-3.2
133,대전,2026/01/29 20:00,-2.5,,3.1,320,32,-16.9,,,,-3.8
133,대전,2026/01/29 21:00,-3.6,,1.3,320,37,-16.2,,,,-4.3
133,대전,2026/01/29 22:00,-3.8,,1.7,290,44,-14.2,,,,-4.6
133,대전,2026/01/29 23:00,-4,,1.5,290,45,-14.2,,,,-4.8
133,대전,2026/01/30 0:00,-4.6,,2.6,320,46,-14.4,,,,-5.1
133,대전,2026/01/30 1:00,-5.7,,2.7,320,48,-14.9,,,,-5.4
133,대전,2026/01/30 2:00,-6.6,,3.5,320,41,-17.7,,,,-5.8
133,대전,2026/01/30 3:00,-7.5,,2.2,320,40,-18.8,,,,-6.2
133,대전,2026/01/30 4:00,-8.1,,0.2,0,40,-19.3,,,,-6.6
133,대전,2026/01/30 5:00,-8.2,,1,340,41,-19.1,,,,-7
133,대전,2026/01/30 6:00,-8.6,,0.8,340,46,-18.1,,,,-6.9
133,대전,2026/01/30 7:00,-8.8,,1.4,270,49,-17.6,,,,-6.7
133,대전,2026/01/30 8:00,-8.8,,1,290,53,-16.6,0,0.02,,-6.9
133,대전,2026/01/30 9:00,-5.9,,0.5,250,44,-16.2,0.9,0.41,,-5.1
133,대전,2026/01/30 10:00,-4.2,,1.3,320,40,-15.8,1,1.08,,-3.1
133,대전,2026/01/30 11:00,-3.3,,3,320,37,-15.9,1,1.59,,-2.1
133,대전,2026/01/30 12:00,-1.4,,3.7,320,33,-15.6,1,1.98,,-1.3
133,대전,2026/01/30 13:00,-1.6,,3.3,320,31,-16.5,0.7,1.52,,-0.2
133,대전,2026/01/30 14:00,-0.1,,3.7,320,28,-16.4,0.8,1.49,,0.1
133,대전,2026/01/30 15:00,0.5,,3.3,320,22,-18.8,1,1.85,,-0.6
133,대전,2026/01/30 16:00,0.4,,3.6,320,23,-18.3,1,1.33,,-0.8
133,대전,2026/01/30 17:00,-0.5,,1.9,320,25,-18.1,1,0.79,,-1.4
133,대전,2026/01/30 18:00,-1.8,,2.7,320,27,-18.3,0.2,0.13,,-2.7
133,대전,2026/01/30 19:00,-3.6,,2.9,320,35,-16.8,,,,-4
133,대전,2026/01/30 20:00,-4.4,,1.2,70,43,-15.1,,,,-4.5
133,대전,2026/01/30 21:00,-5.4,,1.2,50,50,-14.2,,,,-5
133,대전,2026/01/30 22:00,-6.1,,0.9,360,53,-14.1,,,,-5.4
133,대전,2026/01/30 23:00,-6.7,,0.6,360,56,-14,,,,-5.9
133,대전,2026/01/31 0:00,-6.7,,0,0,58,-13.6,,,,-6.2
133,대전,2026/01/31 1:00,-7.9,,2.4,340,63,-13.7,,,,-6.3
133,대전,2026/01/31 2:00,-7.8,,0.1,0,62,-13.8,,,,-6.4
133,대전,2026/01/31 3:00,-8.2,,1.9,340,65,-13.6,,,,-6.6
133,대전,2026/01/31 4:00,-8.5,,0.8,320,66,-13.7,,,,-6.8
133,대전,2026/01/31 5:00,-8.6,,0.7,360,68,-13.4,,,,-6.9
133,대전,2026/01/31 6:00,-9,,0.2,0,69,-13.6,,,,-7.2
133,대전,2026/01/31 7:00,-9.7,,1.2,320,72,-13.8,,,,-7.4
133,대전,2026/01/31 8:00,-9.6,,0.8,320,73,-13.5,0,0.01,,-7.4
133,대전,2026/01/31 9:00,-7,,0.8,320,63,-12.8,1,0.44,,-5.5
133,대전,2026/01/31 10:00,-4.4,,1.6,140,53,-12.5,1,1.06,,-3.3
133,대전,2026/01/31 11:00,-2.2,,1,200,42,-13.4,1,1.6,,-1.7
133,대전,2026/01/31 12:00,-1.1,,1.9,320,24,-19.1,1,2.01,,-1
133,대전,2026/01/31 13:00,1.2,,3.1,20,21,-18.7,1,2.25,,-0.3
133,대전,2026/01/31 14:00,1.9,,4.4,320,21,-18.1,1,2.22,,0.2
133,대전,2026/01/31 15:00,2.8,,4.2,320,20,-18,1,1.91,,-0.3
133,대전,2026/01/31 16:00,2.7,,3.3,320,27,-14.4,1,1.38,,-0.6
133,대전,2026/01/31 17:00,1.4,,4.2,320,34,-12.7,1,0.74,,-1.1
133,대전,2026/01/31 18:00,-0.2,,3,320,41,-11.8,0.2,0.13,,-2.1
133,대전,2026/01/31 19:00,-1.3,,2.7,320,48,-10.9,,,,-2.9
133,대전,2026/01/31 20:00,-2.1,,1.9,340,51,-10.9,,,,-3.5
133,대전,2026/01/31 21:00,-3.1,,2.3,320,52,-11.5,,,,-4.1
133,대전,2026/01/31 22:00,-3.1,,1,320,50,-12,,,,-4.4
133,대전,2026/01/31 23:00,-3.4,,1,270,51,-12.1,,,,-4.8
133,대전,2026/02/01 0:00,-3.3,,0.9,230,58,-10.4,,,,-4.8
133,대전,2026/02/01 1:00,-3.7,,0.3,0,59,-10.5,,,,-3.7
133,대전,2026/02/01 2:00,-3,,0.9,270,56,-10.5,,,,-3.1
133,대전,2026/02/01 3:00,-2.9,0,1.1,290,61,-9.3,,,,-2.9
133,대전,2026/02/01 4:00,-3.2,,1.8,230,73,-7.3,,,0.3,-3.3
133,대전,2026/02/01 5:00,-3.2,,1.3,320,76,-6.8,,,0.3,-3
133,대전,2026/02/01 6:00,-3.9,0.1,1.5,340,81,-6.6,,,0.3,-3.6
133,대전,2026/02/01 7:00,-4.2,,2.1,340,85,-6.3,,,0.2,-4
133,대전,2026/02/01 8:00,-4.8,,1.7,340,88,-6.4,0,0.02,,-4.6
133,대전,2026/02/01 9:00,-3,,3.2,320,71,-7.5,0.7,0.36,,-3.6
133,대전,2026/02/01 10:00,-1.3,,2.9,320,45,-11.7,1,1.11,,-2.3
133,대전,2026/02/01 11:00,0,,2.3,360,35,-13.6,1,1.71,,-1.4
133,대전,2026/02/01 12:00,0.9,,2.6,340,28,-15.6,1,2.1,,-0.8
133,대전,2026/02/01 13:00,2,,3.3,320,25,-16,1,2.27,,-0.2
133,대전,2026/02/01 14:00,2.9,,2.4,340,24,-15.7,1,2.2,,0.6
133,대전,2026/02/01 15:00,4,,4.1,320,25,-14.3,1,1.89,,0
133,대전,2026/02/01 16:00,3.8,,3.3,320,27,-13.5,1,1.36,,-0.3
133,대전,2026/02/01 17:00,2.1,,3.1,340,32,-12.9,1,0.69,,-0.9
133,대전,2026/02/01 18:00,0.5,,2.6,320,37,-12.5,0.2,0.14,,-1.5
133,대전,2026/02/01 19:00,-0.2,,2.2,320,39,-12.5,,,,-2.2
133,대전,2026/02/01 20:00,-0.8,,1.5,290,43,-11.8,,,,-2.9
133,대전,2026/02/01 21:00,-1.5,,1.1,270,46,-11.6,,,,-3.5
133,대전,2026/02/01 22:00,-2,,1.5,230,50,-11,,,,-3.8
133,대전,2026/02/01 23:00,-1.3,,2.7,200,57,-8.7,,,,-3.7
133,대전,2026/02/02 0:00,-2.1,,2.3,200,59,-9,,,,-4
133,대전,2026/02/02 1:00,-2.2,,1.3,200,63,-8.3,,,,-3.6
133,대전,2026/02/02 2:00,-2.1,,1.3,230,73,-6.2,,,,-2.9
133,대전,2026/02/02 3:00,-2.9,0.2,1.9,200,89,-4.4,,,0.2,-3
133,대전,2026/02/02 4:00,-3.1,,1.9,140,89,-4.6,,,0.2,-3
133,대전,2026/02/02 5:00,-2.5,,0.8,360,94,-3.3,,,1.7,-2.2
133,대전,2026/02/02 6:00,-2.3,1.2,0.2,0,95,-2.9,,,2.7,-2
133,대전,2026/02/02 7:00,-2.7,,0.1,0,93,-3.6,,,2.7,-2.1
133,대전,2026/02/02 8:00,-3,,0.3,0,94,-3.8,0,0.01,2.5,-2.4
133,대전,2026/02/02 9:00,-1.5,0,1.7,340,83,-4,0.7,0.49,2.3,-1.9
133,대전,2026/02/02 10:00,0,,3.2,320,64,-6,0.7,1.05,2,-1.1
133,대전,2026/02/02 11:00,-1.4,,3.7,320,79,-4.5,0.2,0.69,3.9,-1.2
133,대전,2026/02/02 12:00,0,1,3.9,320,57,-7.5,0.8,1.75,2.9,-0.7
133,대전,2026/02/02 13:00,0,,4.6,320,47,-9.9,0.7,1.9,2.1,-0.7
133,대전,2026/02/02 14:00,0.3,,4.4,320,50,-8.9,0.9,1.87,1.4,-0.6
133,대전,2026/02/02 15:00,1.5,0,2.2,320,42,-10,0.9,1.56,0.8,-0.6
133,대전,2026/02/02 16:00,1.1,,4.8,320,29,-15,1,1.49,0.5,-0.6
133,대전,2026/02/02 17:00,-0.4,,4.1,320,27,-17.1,1,0.85,0.4,-0.9
133,대전,2026/02/02 18:00,-1.6,,2.7,320,36,-14.7,0.2,0.13,0.4,-1.3
133,대전,2026/02/02 19:00,-2.7,,2.6,320,43,-13.5,,,0.4,-1.7
133,대전,2026/02/02 20:00,-3.2,,2,340,48,-12.6,,,0.4,-2
133,대전,2026/02/02 21:00,-3.9,,1.6,320,54,-11.8,,,0.4,-2.4
133,대전,2026/02/02 22:00,-4,,0.6,250,57,-11.2,,,0.4,-2.6
133,대전,2026/02/02 23:00,-4.3,,1.1,270,61,-10.7,,,0.4,-2.8
133,대전,2026/02/03 0:00,-4.3,,1.4,250,62,-10.5,,,0.4,-2.9
133,대전,2026/02/03 1:00,-4.6,,0.2,0,66,-9.9,,,0.4,-3
133,대전,2026/02/03 2:00,-5.6,,0.5,110,69,-10.3,,,0.4,-3.3
133,대전,2026/02/03 3:00,-6.1,,0.8,250,74,-9.9,,,0.4,-3.3
133,대전,2026/02/03 4:00,-6.4,,0,0,77,-9.7,,,0.4,-3.6
133,대전,2026/02/03 5:00,-6.8,,0.5,270,79,-9.8,,,0.4,-3.8
133,대전,2026/02/03 6:00,-7,,1,270,81,-9.7,,,0.4,-3.9
133,대전,2026/02/03 7:00,-7.2,,0.4,0,82,-9.7,,,0.4,-4
133,대전,2026/02/03 8:00,-7,,0.9,340,83,-9.4,0.3,0.03,0.4,-3.9
133,대전,2026/02/03 9:00,-3.9,,0.1,0,72,-8.2,1,0.51,0.4,-2.9
133,대전,2026/02/03 10:00,-0.7,,0.7,140,59,-7.7,1,1.16,0.4,-1.8
133,대전,2026/02/03 11:00,1.8,,1.8,180,51,-7.2,1,1.74,0.1,-1.1
133,대전,2026/02/03 12:00,3.2,,2.5,180,49,-6.5,1,2.14,,-0.7
133,대전,2026/02/03 13:00,5,,1,140,46,-5.6,1,2.32,,-0.4
133,대전,2026/02/03 14:00,5.5,,1.8,200,41,-6.7,1,2.28,,0
133,대전,2026/02/03 15:00,6.5,,2.2,200,35,-7.8,1,1.96,,-0.2
133,대전,2026/02/03 16:00,6.3,,1.8,270,36,-7.7,1,1.45,,-0.3
133,대전,2026/02/03 17:00,4.9,,1.6,290,43,-6.6,1,0.65,,-0.6
133,대전,2026/02/03 18:00,3.6,,1.6,250,50,-5.8,0.2,0.14,,-0.8
133,대전,2026/02/03 19:00,2.7,,0.9,250,57,-4.9,,,,-1
133,대전,2026/02/03 20:00,1.7,,0.8,230,64,-4.3,,,,-1.2
133,대전,2026/02/03 21:00,1,,2.3,230,69,-4,,,,-1.4
133,대전,2026/02/03 22:00,0.3,,1.5,200,73,-3.9,,,,-1.8
133,대전,2026/02/03 23:00,-0.9,,1.2,270,75,-4.7,,,,-2
133,대전,2026/02/04 0:00,-1.4,,0.7,290,78,-4.7,,,,-2.3
133,대전,2026/02/04 1:00,-1.7,,0.9,290,81,-4.5,,,,-2.6
133,대전,2026/02/04 2:00,-2.3,,0.4,0,84,-4.6,,,,-3
133,대전,2026/02/04 3:00,-2.2,,0,0,84,-4.5,,,,-2.7
133,대전,2026/02/04 4:00,-1.9,,0.3,0,81,-4.7,,,,-2.4
133,대전,2026/02/04 5:00,-1.6,,0.8,320,81,-4.4,,,,-2
133,대전,2026/02/04 6:00,-1.4,,0.3,0,81,-4.2,,,,-1.9
133,대전,2026/02/04 7:00,-1.1,,0.6,270,81,-3.9,,,,-1.7
133,대전,2026/02/04 8:00,-0.8,,0.1,0,79,-3.9,0,0.01,,-1.6
133,대전,2026/02/04 9:00,0,,0.3,0,77,-3.5,0,0.23,,-1.5
133,대전,2026/02/04 10:00,2.5,,0.7,200,65,-3.4,0.8,0.82,,-0.8
133,대전,2026/02/04 11:00,3.4,,0.9,160,60,-3.6,0.1,1.03,,-0.6
133,대전,2026/02/04 12:00,5.3,,1.2,160,55,-3,0,1.22,,0.5
133,대전,2026/02/04 13:00,6.8,,0.9,160,50,-2.9,0.2,1.55,,1.6
133,대전,2026/02/04 14:00,7.3,,1,320,49,-2.7,0,1.07,,1.8
133,대전,2026/02/04 15:00,7.6,,1.7,200,46,-3.3,0.4,1.09,,1.5
133,대전,2026/02/04 16:00,7.9,,1.6,270,46,-3,0.2,0.7,,1.9
133,대전,2026/02/04 17:00,7.4,,0.7,270,48,-2.9,0.1,0.51,,0.5
133,대전,2026/02/04 18:00,5.8,,1.8,200,53,-3,0.1,0.14,,-1.5
133,대전,2026/02/04 19:00,4.6,,1.2,340,58,-2.9,,,,-0.9
133,대전,2026/02/04 20:00,2.6,,1.2,320,66,-3.1,,,,-1
133,대전,2026/02/04 21:00,1.9,,0.7,320,70,-3,,,,-1.1
133,대전,2026/02/04 22:00,0.8,,0,0,76,-2.9,,,,-1.2
133,대전,2026/02/04 23:00,0.2,,0.7,340,77,-3.3,,,,-1.3
133,대전,2026/02/05 0:00,-0.4,,1.3,340,80,-3.4,,,,-1.4
133,대전,2026/02/05 1:00,-0.6,,1,320,81,-3.4,,,,-1.4
133,대전,2026/02/05 2:00,-0.3,,0.1,0,81,-3.1,,,,-1.2
133,대전,2026/02/05 3:00,-0.1,,1,320,80,-3.1,,,,-1.1
133,대전,2026/02/05 4:00,0.2,,0.6,270,80,-2.8,,,,-1.1
133,대전,2026/02/05 5:00,0.4,,0.5,270,80,-2.6,,,,-1.1
133,대전,2026/02/05 6:00,0.6,,0.4,0,79,-2.6,,,,-1
133,대전,2026/02/05 7:00,0.8,,0.4,0,78,-2.6,,,,-1.1
133,대전,2026/02/05 8:00,0.4,,1.2,290,80,-2.6,0,0.01,,-1.4
133,대전,2026/02/05 9:00,1.7,,0,0,77,-1.9,0.2,0.28,,-0.9
133,대전,2026/02/05 10:00,3.3,,0.2,0,70,-1.6,0,0.43,,-0.7
133,대전,2026/02/05 11:00,6.6,,0.7,290,60,-0.6,0.3,0.99,,-0.1
133,대전,2026/02/05 12:00,9.1,,2.3,180,53,0,0.5,1.42,,0.8
133,대전,2026/02/05 13:00,10.1,,1.4,320,57,1.9,0.5,1.29,,2
133,대전,2026/02/05 14:00,12.1,,2.4,200,47,1.1,0.9,2.01,,4.9
133,대전,2026/02/05 15:00,12.9,,2.5,230,42,0.2,0.8,1.67,,5.1
133,대전,2026/02/05 16:00,12.7,,1.7,230,43,0.4,1,1.39,,3.8
133,대전,2026/02/05 17:00,10.9,,2.1,320,46,-0.2,0.7,0.63,,2.6
133,대전,2026/02/05 18:00,8.7,,3.2,320,52,-0.6,0.1,0.12,,0.5
133,대전,2026/02/05 19:00,6.9,,2.1,320,59,-0.5,0,0,,-0.9
133,대전,2026/02/05 20:00,5.4,,1.3,340,69,0.1,,,,-1.7
133,대전,2026/02/05 21:00,4.5,,4.3,320,76,0.6,,,,-0.9
133,대전,2026/02/05 22:00,3.1,,2.1,320,78,-0.3,,,,-0.9
133,대전,2026/02/05 23:00,2.2,,2.5,320,82,-0.5,,,,-1
133,대전,2026/02/06 0:00,1.3,,3.4,320,71,-3.3,,,,-1
133,대전,2026/02/06 1:00,0.4,,3.4,320,66,-5.2,,,,-1.1
133,대전,2026/02/06 2:00,-1,,3.2,320,65,-6.7,,,,-1.3
133,대전,2026/02/06 3:00,-1.9,,2.3,340,61,-8.4,,,,-1.3
133,대전,2026/02/06 4:00,-2.5,,2.6,320,62,-8.7,,,,-1.4
133,대전,2026/02/06 5:00,-3,,2.7,320,52,-11.4,,,,-1.6
133,대전,2026/02/06 6:00,-3.8,,3.4,320,46,-13.7,,,,-1.8
133,대전,2026/02/06 7:00,-4.7,,2,340,46,-14.5,,,,-2.2
133,대전,2026/02/06 8:00,-5.5,,1.4,50,51,-14,0,0.02,,-2.6
133,대전,2026/02/06 9:00,-3.6,,0.9,340,44,-14.1,0.8,0.47,,-1.7
133,대전,2026/02/06 10:00,-3.2,,1.7,340,35,-16.5,1,1.19,,-1.1
133,대전,2026/02/06 11:00,-1.7,,2.5,340,30,-17,1,1.79,,-0.8
133,대전,2026/02/06 12:00,0,,3.4,320,24,-18.2,1,2.21,,-0.6
133,대전,2026/02/06 13:00,1.1,,3.1,340,23,-17.7,1,2.39,,-0.4
133,대전,2026/02/06 14:00,2.4,,3.4,340,20,-18.3,1,2.3,,-0.3
133,대전,2026/02/06 15:00,1.8,,3.7,320,17,-20.7,1,2.05,,-0.4
133,대전,2026/02/06 16:00,1.3,,3,20,21,-18.6,1,1.57,,-0.5
133,대전,2026/02/06 17:00,-1,,3.8,360,23,-19.5,1,0.75,,-0.8
133,대전,2026/02/06 18:00,-2.9,,2.1,360,29,-18.4,0,0.15,,-1.5
133,대전,2026/02/06 19:00,-4.2,,4.1,320,33,-18.1,0,0,,-2
133,대전,2026/02/06 20:00,-5.4,,2.5,20,36,-18.1,,,,-2.4
133,대전,2026/02/06 21:00,-6,,1.8,20,40,-17.4,,,,-2.7
133,대전,2026/02/06 22:00,-6,,3,340,41,-17.1,,,,-2.7
133,대전,2026/02/06 23:00,-6.3,,2.3,340,44,-16.5,,,,-2.7
133,대전,2026/02/07 0:00,-6.6,,2,320,46,-16.3,,,,-2.9
133,대전,2026/02/07 1:00,-6.5,,2.2,320,48,-15.7,,,,-2.8
133,대전,2026/02/07 2:00,-6.3,,2.9,340,49,-15.2,,,,-2.6
133,대전,2026/02/07 3:00,-6.3,,2.4,320,48,-15.5,,,,-2.6
133,대전,2026/02/07 4:00,-6.4,,2.7,340,48,-15.6,,,,-2.7
133,대전,2026/02/07 5:00,-7.1,,3,320,52,-15.3,,,,-3.4
133,대전,2026/02/07 6:00,-7.6,,2.2,320,50,-16.2,,,,-3.6
133,대전,2026/02/07 7:00,-8.5,,1.5,320,52,-16.6,,,,-3.8
133,대전,2026/02/07 8:00,-8.5,,3,320,48,-17.5,0,0.03,,-4.2
133,대전,2026/02/07 9:00,-7.4,,3.7,320,42,-18.1,1,0.49,,-3.4
133,대전,2026/02/07 10:00,-6,,1.9,320,37,-18.3,1,1.22,,-2.2
133,대전,2026/02/07 11:00,-4.8,,2.4,320,29,-20.1,1,1.83,,-1.5
133,대전,2026/02/07 12:00,-3.5,,3.7,320,26,-20.2,1,2.27,,-1.3
133,대전,2026/02/07 13:00,-1.6,,3.2,320,24,-19.5,1,2.5,,-0.9
133,대전,2026/02/07 14:00,-1.2,,4.4,320,23,-19.7,1,2.42,,-0.6
133,대전,2026/02/07 15:00,-1.5,,3.5,290,20,-21.6,1,2.16,,-0.9
133,대전,2026/02/07 16:00,-2.4,,4.6,320,19,-22.9,1,1.62,,-1.2
133,대전,2026/02/07 17:00,-3.8,,4.6,320,26,-20.5,1,0.95,,-1.9
133,대전,2026/02/07 18:00,-5.1,,4.3,320,26,-21.6,0.3,0.19,,-3
133,대전,2026/02/07 19:00,-5.9,,2.9,290,33,-19.6,0,0,,-3.6
133,대전,2026/02/07 20:00,-6.5,,3.2,320,42,-17.3,,,,-3.9
133,대전,2026/02/07 21:00,-6.7,,3.1,320,50,-15.4,,,,-4.1
133,대전,2026/02/07 22:00,-7.3,,2.9,320,74,-11.1,,,,-3.6
133,대전,2026/02/07 23:00,-7.3,,3.9,320,51,-15.7,,,,-4.4
133,대전,2026/02/08 0:00,-7.7,0,2.1,340,56,-14.9,,,,-4.2
133,대전,2026/02/08 1:00,-8.5,,3.6,320,56,-15.7,,,,-4.5
133,대전,2026/02/08 2:00,-9.3,,3.2,320,58,-16,,,,-5
133,대전,2026/02/08 3:00,-9.9,,0.8,360,62,-15.8,,,,-5
133,대전,2026/02/08 4:00,-10.3,,1.5,20,70,-14.7,,,,-4.9
133,대전,2026/02/08 5:00,-10.5,,0.7,90,78,-13.6,,,,-4.8
133,대전,2026/02/08 6:00,-10.3,0,0.3,0,81,-12.9,,,0.1,-4.8
133,대전,2026/02/08 7:00,-10.4,,1,290,74,-14.1,,,0.1,-5.3
133,대전,2026/02/08 8:00,-10.4,,0.8,320,64,-15.9,0.1,0.03,0.1,-5.7
133,대전,2026/02/08 9:00,-8.7,,1.8,360,57,-15.6,0.9,0.43,0.1,-4.3
133,대전,2026/02/08 10:00,-7.9,,2.4,360,63,-13.7,0.8,0.91,,-2.6
133,대전,2026/02/08 11:00,-6.9,,2.4,340,49,-15.8,1,1.44,,-1.9
133,대전,2026/02/08 12:00,-5.1,0,2.6,340,44,-15.4,0.9,2.06,,-1.3
133,대전,2026/02/08 13:00,-4.1,,3.9,290,37,-16.6,1,2.42,,-1.1
133,대전,2026/02/08 14:00,-3.2,,2.4,320,34,-16.8,1,2.36,,-0.7
133,대전,2026/02/08 15:00,-2.1,,3.9,320,30,-17.3,1,2.07,,-0.9
133,대전,2026/02/08 16:00,-2,,3.6,320,28,-18.1,1,1.56,,-1.2
133,대전,2026/02/08 17:00,-3.2,,4.3,320,26,-20,1,0.93,,-1.8
133,대전,2026/02/08 18:00,-4.2,,3.6,320,31,-18.8,0.4,0.2,,-3
133,대전,2026/02/08 19:00,-5.3,,2.6,320,36,-18,0,0,,-3.8
133,대전,2026/02/08 20:00,-5.8,,2.9,320,39,-17.5,,,,-4.2
133,대전,2026/02/08 21:00,-7.1,,1.8,340,44,-17.3,,,,-4.7
133,대전,2026/02/08 22:00,-6.8,,1.7,290,47,-16.2,,,,-5
133,대전,2026/02/08 23:00,-6.4,,1.3,290,53,-14.4,,,,-5
133,대전,2026/02/09 0:00,-6.4,,1.8,230,54,-14.1,,,,-5
133,대전,2026/02/09 1:00,-7.2,,0.9,200,59,-13.8,,,,-5.1
133,대전,2026/02/09 2:00,-7.2,,0.4,0,61,-13.4,,,,-5.3
133,대전,2026/02/09 3:00,-7.4,,2,270,64,-13,,,,-5.4
133,대전,2026/02/09 4:00,-8.5,,1.2,360,69,-13.1,,,,-5.6
133,대전,2026/02/09 5:00,-8.8,,0.9,320,71,-13.1,,,,-5.8
133,대전,2026/02/09 6:00,-9,,0.7,290,73,-12.9,,,,-5.9
133,대전,2026/02/09 7:00,-9.2,,0.9,320,76,-12.6,,,,-6
133,대전,2026/02/09 8:00,-8.9,,1.7,340,76,-12.3,0.3,0.05,,-5.9
133,대전,2026/02/09 9:00,-5.6,,0.4,0,64,-11.3,1,0.56,,-3.9
133,대전,2026/02/09 10:00,-2.5,,0.7,200,57,-9.8,1,1.27,,-2.2
133,대전,2026/02/09 11:00,-0.5,,1.8,180,47,-10.4,1,1.86,,-1.1
133,대전,2026/02/09 12:00,1.8,,2.5,200,44,-9.1,1,2.25,,-0.6
133,대전,2026/02/09 13:00,2.9,,3.2,200,42,-8.7,1,2.45,,-0.1
133,대전,2026/02/09 14:00,4,,2.1,50,36,-9.7,1,2.39,,0.2
133,대전,2026/02/09 15:00,5.1,,2.5,140,35,-9.1,1,2.09,,-0.1
133,대전,2026/02/09 16:00,5,,1.5,140,35,-9.2,1,1.57,,-0.4
133,대전,2026/02/09 17:00,4,,1.5,90,38,-9,1,0.89,,-0.6
133,대전,2026/02/09 18:00,2.6,,1.7,20,42,-9,0.3,0.18,,-0.9
133,대전,2026/02/09 19:00,1.3,,1.6,340,46,-9,0,0,,-1.2
133,대전,2026/02/09 20:00,-0.2,,1.7,290,52,-8.8,,,,-1.7
133,대전,2026/02/09 21:00,-1,,1,290,56,-8.6,,,,-2
133,대전,2026/02/09 22:00,-1.6,,1.2,320,59,-8.5,,,,-2.5
133,대전,2026/02/09 23:00,-2.2,,0.6,270,62,-8.5,,,,-2.8
133,대전,2026/02/10 0:00,-2.6,,0.1,0,64,-8.4,,,,-3
133,대전,2026/02/10 1:00,-3.3,,1.8,340,67,-8.5,,,,-3.3
133,대전,2026/02/10 2:00,-3.2,,0.8,320,67,-8.4,,,,-3.2
133,대전,2026/02/10 3:00,-3.2,,0.9,320,68,-8.2,,,,-3
133,대전,2026/02/10 4:00,-3.2,,0,0,70,-7.9,,,,-2.8
133,대전,2026/02/10 5:00,-2.9,,0.5,320,69,-7.8,,,,-2.6
133,대전,2026/02/10 6:00,-2.7,,1.2,270,72,-7,,,,-2.5
133,대전,2026/02/10 7:00,-2.3,,1.3,270,70,-7,,,,-2.4
133,대전,2026/02/10 8:00,-2.3,,1.3,340,71,-6.8,0,0.01,,-2.3
133,대전,2026/02/10 9:00,-1.4,,0.5,290,68,-6.5,0,0.13,,-1.6
133,대전,2026/02/10 10:00,0,,0.6,290,63,-6.2,0,0.36,,-1
133,대전,2026/02/10 11:00,2.3,,0.8,160,54,-6,0,0.78,,-0.4
133,대전,2026/02/10 12:00,5.1,0,1.8,180,47,-5.3,0.6,1.6,,0.5
133,대전,2026/02/10 13:00,6.3,,1.2,180,46,-4.4,0.3,1.48,,1.1
133,대전,2026/02/10 14:00,5.6,,2.5,200,52,-3.5,0.3,1.26,,1.7
133,대전,2026/02/10 15:00,5.1,0,2.4,200,62,-1.5,0,1,,2
133,대전,2026/02/10 16:00,4.2,,2.9,200,75,0.1,0,0.64,,1.4
133,대전,2026/02/10 17:00,4,,2.3,200,78,0.5,0,0.38,,0.6
133,대전,2026/02/10 18:00,3.6,0,1.6,230,81,0.6,0,0.11,,-0.4
133,대전,2026/02/10 19:00,3.4,,1.2,230,83,0.7,0,0,,-0.8
133,대전,2026/02/10 20:00,3.1,,1,250,83,0.4,,,,-0.8
133,대전,2026/02/10 21:00,3.1,,1.4,230,84,0.6,,,,-0.6
133,대전,2026/02/10 22:00,2.9,,1.2,230,86,0.7,,,,-0.6
133,대전,2026/02/10 23:00,2.8,,0.9,230,86,0.6,,,,-0.6
133,대전,2026/02/11 0:00,2.7,0,0.4,0,87,0.7,,,,-0.6
133,대전,2026/02/11 1:00,2.6,,0.7,230,87,0.6,,,,-0.5
133,대전,2026/02/11 2:00,2.7,,0.4,0,87,0.7,,,,-0.6
133,대전,2026/02/11 3:00,2.7,,1.1,250,87,0.7,,,,-0.6
133,대전,2026/02/11 4:00,2.5,,1.1,250,87,0.5,,,,-1.1
133,대전,2026/02/11 5:00,2.1,,1.4,250,88,0.3,,,,-0.9
133,대전,2026/02/11 6:00,2,,1.5,200,89,0.3,,,,-0.9
133,대전,2026/02/11 7:00,2.1,,1.6,230,90,0.6,,,,-0.8
133,대전,2026/02/11 8:00,2.3,,1.1,230,89,0.6,0,0.01,,-0.6
133,대전,2026/02/11 9:00,2.7,0,1.4,200,87,0.7,0,0.08,,-0.1
133,대전,2026/02/11 10:00,3.3,,1.5,200,85,1,0,0.22,,0.7
133,대전,2026/02/11 11:00,4.1,,2.1,230,80,0.9,0,0.44,,1.6
133,대전,2026/02/11 12:00,5,0,1.6,180,74,0.7,0,0.74,,2.5
133,대전,2026/02/11 13:00,5.4,,2.4,230,71,0.5,0,0.81,,3.3
133,대전,2026/02/11 14:00,6.6,,2.5,290,55,-1.8,0.1,1.05,,4.3
133,대전,2026/02/11 15:00,7.5,,2.2,290,48,-2.8,0.4,1.16,,4.4
133,대전,2026/02/11 16:00,7.1,,2.7,320,44,-4.3,0.4,0.93,,2.9
133,대전,2026/02/11 17:00,6.7,,2.1,320,44,-4.7,0.8,0.76,,2.1
133,대전,2026/02/11 18:00,4.8,,2.3,320,52,-4.2,0.4,0.21,,-0.2
133,대전,2026/02/11 19:00,2.9,,2,320,65,-3,0,0.01,,-1.7
133,대전,2026/02/11 20:00,1.9,,1.3,110,70,-3,,,,-1.1
133,대전,2026/02/11 21:00,0.8,,1.5,340,73,-3.4,,,,-1.1
133,대전,2026/02/11 22:00,0.6,,1.5,230,72,-3.8,,,,-1.2
133,대전,2026/02/11 23:00,-0.4,,0.7,270,77,-3.9,,,,-1.3
133,대전,2026/02/12 0:00,-0.7,,0.7,270,81,-3.5,,,,-1.4
133,대전,2026/02/12 1:00,-1.8,,0.8,320,83,-4.3,,,,-1.6
133,대전,2026/02/12 2:00,-2.4,,1.1,270,85,-4.5,,,,-1.6
133,대전,2026/02/12 3:00,-2,,0.8,270,88,-3.7,,,,-1.7
133,대전,2026/02/12 4:00,-3.1,,0.5,290,88,-4.8,,,,-1.9
133,대전,2026/02/12 5:00,-3.5,,0.3,0,90,-4.9,,,,-2.1
133,대전,2026/02/12 6:00,-3.6,,0,0,89,-5.1,,,,-2.2
133,대전,2026/02/12 7:00,-3.9,,0.2,0,92,-5,,,,-2.4
133,대전,2026/02/12 8:00,-3.7,,0.7,320,91,-4.9,0,0.05,,-2.3
133,대전,2026/02/12 9:00,-1.1,,0.3,0,86,-3.1,0.9,0.61,,-1.3
133,대전,2026/02/12 10:00,2.3,,1.5,160,72,-2.2,1,1.47,,-0.6
133,대전,2026/02/12 11:00,4.6,,1.6,160,56,-3.4,1,1.85,,-0.4
133,대전,2026/02/12 12:00,6.9,,1.2,160,44,-4.5,1,2.16,,-0.1
133,대전,2026/02/12 13:00,8.1,,2.1,180,36,-6.1,1,2.36,,0.4
133,대전,2026/02/12 14:00,9,,1.7,270,33,-6.4,1,2.3,,1.3
133,대전,2026/02/12 15:00,9.3,,1.8,180,33,-6.1,1,2.03,,1.4
133,대전,2026/02/12 16:00,9.1,,3.1,290,38,-4.4,1,1.51,,3.4
133,대전,2026/02/12 17:00,8.3,,1.2,320,40,-4.5,1,0.84,,3.4
133,대전,2026/02/12 18:00,6.9,,1.7,230,46,-3.9,0.4,0.21,,1.9
133,대전,2026/02/12 19:00,5.9,,1.8,230,43,-5.7,0,0,,0.5
133,대전,2026/02/12 20:00,4.9,,1.6,230,41,-7.2,,,,-0.3
133,대전,2026/02/12 21:00,4.1,,1.7,230,42,-7.6,,,,-0.9
133,대전,2026/02/12 22:00,3.5,,2.6,230,52,-5.4,,,,-1.3
133,대전,2026/02/12 23:00,1.7,,0.8,270,62,-4.8,,,,-0.8
133,대전,2026/02/13 0:00,0.6,,0.2,0,64,-5.4,,,,-1
133,대전,2026/02/13 1:00,-0.5,,0.1,0,69,-5.4,,,,-1.2
133,대전,2026/02/13 2:00,-1,,0,0,73,-5.2,,,,-1.4
133,대전,2026/02/13 3:00,-1.2,,0.6,320,75,-5,,,,-1.4
133,대전,2026/02/13 4:00,-1.2,,0.1,0,74,-5.2,,,,-1.4
133,대전,2026/02/13 5:00,-2,,1.6,340,77,-5.5,,,,-1.6
133,대전,2026/02/13 6:00,-2.1,,0.8,320,80,-5,,,,-1.6
133,대전,2026/02/13 7:00,-2.4,,1.4,290,81,-5.2,,,,-1.7
133,대전,2026/02/13 8:00,-2.2,,0.8,320,81,-5,0,0.04,,-1.6
133,대전,2026/02/13 9:00,-0.2,,0,0,73,-4.4,0.3,0.41,,-1
133,대전,2026/02/13 10:00,2.9,,0.9,200,60,-4.1,1,1.01,,-0.6
133,대전,2026/02/13 11:00,6,,1,110,53,-2.8,1,1.65,,-0.1
133,대전,2026/02/13 12:00,9.4,,2.1,160,49,-0.7,1,2.08,,0.5
133,대전,2026/02/13 13:00,11.2,,3.7,200,34,-4.1,1,2.32,,3.8
133,대전,2026/02/13 14:00,11.8,,2.9,200,30,-5.2,1,2.27,,8
133,대전,2026/02/13 15:00,12.2,,2.5,200,37,-2,1,1.85,,8.2
133,대전,2026/02/13 16:00,12.1,,1.7,270,42,-0.4,1,1.33,,7.7
133,대전,2026/02/13 17:00,11.2,,1.6,270,46,0,1,0.74,,6.5
133,대전,2026/02/13 18:00,9.5,,1.5,230,55,0.8,0.2,0.18,,4.4
133,대전,2026/02/13 19:00,8.2,,0.6,200,60,0.8,0,0.01,,3.1
133,대전,2026/02/13 20:00,7.1,,1.5,230,65,0.9,,,,2.1
133,대전,2026/02/13 21:00,6.3,,2.1,200,72,1.6,,,,1.4
133,대전,2026/02/13 22:00,4.8,,1.2,270,76,0.9,,,,1
133,대전,2026/02/13 23:00,4,,0,0,82,1.1,,,,0.4
133,대전,2026/02/14 0:00,2.8,,1.6,340,82,0,,,,0.3
133,대전,2026/02/14 1:00,2.5,,0.4,0,86,0.3,,,,0
133,대전,2026/02/14 2:00,2.4,,0.1,0,85,0.1,,,,-0.1
133,대전,2026/02/14 3:00,1.9,,1.2,290,88,0.1,,,,-0.4
133,대전,2026/02/14 4:00,1.4,,0.1,0,89,-0.2,,,,-0.4
133,대전,2026/02/14 5:00,1.4,,0.6,340,90,0,,,,-0.6
133,대전,2026/02/14 6:00,1,,0.8,320,89,-0.6,,,,-0.6
133,대전,2026/02/14 7:00,0.5,,1.6,340,91,-0.8,,,,-0.7
133,대전,2026/02/14 8:00,0.6,,0.4,0,93,-0.4,0,0.04,,-0.8
133,대전,2026/02/14 9:00,1.8,,0.6,340,86,-0.2,0,0.33,,0
133,대전,2026/02/14 10:00,4,,0.2,0,77,0.3,0,0.65,,2.3
133,대전,2026/02/14 11:00,7.4,,0.9,160,63,0.8,0.7,1.25,,5.1
133,대전,2026/02/14 12:00,10.2,,1.2,160,53,1,0.8,1.61,,7.8
133,대전,2026/02/14 13:00,12.9,,1.9,160,50,2.7,0.4,1.71,,10.8
133,대전,2026/02/14 14:00,12.9,,1.3,90,50,2.7,0.2,1.37,,11.7
133,대전,2026/02/14 15:00,13.5,,1.6,160,49,2.9,0.2,1.19,,12
133,대전,2026/02/14 16:00,13.9,,1.3,180,47,2.7,0.6,1.16,,10.3
133,대전,2026/02/14 17:00,13.4,,0,0,50,3.1,0.2,0.52,,8.9
133,대전,2026/02/14 18:00,12.2,,1.3,200,57,3.9,0.1,0.18,,7.5
133,대전,2026/02/14 19:00,10.9,,1.3,230,63,4.1,0,0,,5.7
133,대전,2026/02/14 20:00,9.2,,1.2,340,69,3.7,,,,4.3
133,대전,2026/02/14 21:00,7.6,,0.7,320,75,3.4,,,,3.4
133,대전,2026/02/14 22:00,6.6,,0.5,340,80,3.3,,,,2.6
133,대전,2026/02/14 23:00,5.2,,0,0,85,2.8,,,,2
133,대전,2026/02/15 0:00,4.4,,0.9,290,89,2.7,,,,1.4
133,대전,2026/02/15 1:00,4,,1.6,340,89,2.3,,,,1.7
133,대전,2026/02/15 2:00,3.7,,0,0,89,2,,,,1.7
133,대전,2026/02/15 3:00,3.6,,1.2,340,88,1.7,,,,1.8
133,대전,2026/02/15 4:00,3.8,,0.2,0,89,2.1,,,,2.3
133,대전,2026/02/15 5:00,4.1,,0.8,230,88,2.2,,,,2.7
133,대전,2026/02/15 6:00,4.2,,1.4,340,87,2.2,,,,2.5
133,대전,2026/02/15 7:00,4.2,,0.1,0,87,2.2,,,,2.4
133,대전,2026/02/15 8:00,3.8,,2.3,340,89,2.1,0,0.04,,2.2
133,대전,2026/02/15 9:00,5.7,,0.4,0,83,3,0.1,0.31,,3.8
133,대전,2026/02/15 10:00,7.4,,0.9,200,75,3.2,0.4,0.87,,6.9
133,대전,2026/02/15 11:00,7.6,,2.6,50,79,4.1,0,0.59,,7.1
133,대전,2026/02/15 12:00,7.5,,3.4,340,77,3.7,0,0.51,,7.6
133,대전,2026/02/15 13:00,9.9,,2.9,340,59,2.2,0.2,1.26,,10.4
133,대전,2026/02/15 14:00,11.7,,2.7,320,52,2.1,0.9,1.9,,10.9
133,대전,2026/02/15 15:00,12,,3.3,320,43,-0.2,1,1.81,,10.4
133,대전,2026/02/15 16:00,12.7,,3.8,320,28,-5.3,1,1.33,,8.8
133,대전,2026/02/15 17:00,11.7,,2.7,320,31,-4.9,1,0.72,,7.4
133,대전,2026/02/15 18:00,9.3,,2.4,320,22,-11.3,0.4,0.21,,5.1
133,대전,2026/02/15 19:00,7.4,,2.4,320,28,-9.9,0,0.01,,3.4
133,대전,2026/02/15 20:00,4.6,,2.8,50,40,-7.8,,,,2.2
133,대전,2026/02/15 21:00,3.3,,2.3,70,38,-9.6,,,,1
133,대전,2026/02/15 22:00,2.9,,1.8,50,38,-10,,,,0.3
133,대전,2026/02/15 23:00,1.8,,1.1,340,40,-10.3,,,,-0.2
133,대전,2026/02/16 0:00,0.9,,1.4,50,49,-8.6,,,,-0.5
133,대전,2026/02/16 1:00,0,,1.6,340,51,-8.9,,,,-0.7
133,대전,2026/02/16 2:00,-0.9,,2.3,320,57,-8.3,,,,-1
133,대전,2026/02/16 3:00,-1.1,,1.8,320,59,-8.1,,,,-1.1
133,대전,2026/02/16 4:00,-1,,1.6,340,59,-8,,,,-1.1
133,대전,2026/02/16 5:00,-1.4,,0.9,340,61,-7.9,,,,-1.1
133,대전,2026/02/16 6:00,-1.4,,0.3,0,61,-7.9,,,,-1.1
133,대전,2026/02/16 7:00,-1,,0.9,270,59,-8,,,,-1.1
133,대전,2026/02/16 8:00,-1.4,,1.3,340,61,-7.9,0,0.05,,-1.2
133,대전,2026/02/16 9:00,0.8,,1.9,320,50,-8.4,0.7,0.54,,-0.7
133,대전,2026/02/16 10:00,2,,1.4,290,44,-9,1,1.27,,-0.3
133,대전,2026/02/16 11:00,3.6,,2.1,340,37,-9.7,1,1.89,,0.2
133,대전,2026/02/16 12:00,3.9,,2.3,340,35,-10.2,1,2,,2.4
133,대전,2026/02/16 13:00,5.5,,2.8,360,30,-10.7,1,2.38,,5.5
133,대전,2026/02/16 14:00,6.7,,2.7,20,27,-11,1,2.31,,7.8
133,대전,2026/02/16 15:00,7.8,,2,340,24,-11.5,1,2.17,,7.3
133,대전,2026/02/16 16:00,8.5,,1.9,360,24,-10.9,1,1.64,,5.8
133,대전,2026/02/16 17:00,7.3,,2.9,320,27,-10.5,1,0.99,,4.6
133,대전,2026/02/16 18:00,5.4,,2.6,20,33,-9.6,0.5,0.24,,2.6
133,대전,2026/02/16 19:00,3.9,,2.5,340,39,-8.8,0,0.01,,1.2
133,대전,2026/02/16 20:00,2.7,,2.8,340,44,-8.3,,,,0.6
133,대전,2026/02/16 21:00,1.7,,1.5,50,47,-8.4,,,,-0.1
133,대전,2026/02/16 22:00,0.6,,0.4,0,51,-8.3,,,,-0.6
133,대전,2026/02/16 23:00,0.1,,1.5,340,54,-8.1,,,,-0.5
133,대전,2026/02/17 0:00,-0.5,,0.4,0,57,-7.9,,,,-0.8
133,대전,2026/02/17 1:00,-1.4,,0.9,320,61,-7.9,,,,-1
133,대전,2026/02/17 2:00,-1.8,,1.3,340,63,-7.9,,,,-1.3
133,대전,2026/02/17 3:00,-2.6,,1,320,66,-8,,,,-1.6
133,대전,2026/02/17 4:00,-2.8,,0.9,290,67,-8,,,,-1.7
133,대전,2026/02/17 5:00,-3.3,,0.9,320,69,-8.1,,,,-1.9
133,대전,2026/02/17 6:00,-3.7,,1.4,320,72,-8,,,,-2.2
133,대전,2026/02/17 7:00,-4.2,,1.8,340,74,-8.1,,,,-2.5
133,대전,2026/02/17 8:00,-3.4,,0,0,73,-7.5,0.4,0.09,,-2.3
133,대전,2026/02/17 9:00,-0.8,,0.1,0,66,-6.3,1,0.66,,-1
133,대전,2026/02/17 10:00,2.1,,1.8,140,55,-6,1,1.37,,-0.5
133,대전,2026/02/17 11:00,3.5,,2,160,44,-7.6,1,2,,-0.2
133,대전,2026/02/17 12:00,6.3,,2.5,200,37,-7.3,1,2.42,,0.3
133,대전,2026/02/17 13:00,8,,1.2,230,27,-9.9,1,2.6,,1.9
133,대전,2026/02/17 14:00,8.4,,1.6,250,20,-13.3,1,2.54,,7.3
133,대전,2026/02/17 15:00,9.1,,2.6,320,18,-14,1,2.26,,6.7
133,대전,2026/02/17 16:00,9.4,,1.9,270,20,-12.4,1,1.74,,5.7
133,대전,2026/02/17 17:00,8.2,,2.4,250,25,-10.7,1,1.06,,4.5
133,대전,2026/02/17 18:00,6,,1.9,230,30,-10.3,0.5,0.29,,2.7
133,대전,2026/02/17 19:00,4.2,,1.8,270,37,-9.2,0,0.01,,1.1
133,대전,2026/02/17 20:00,3.1,,1.7,290,44,-7.9,,,,0
133,대전,2026/02/17 21:00,1.7,,3.1,200,57,-5.9,,,,-0.6
133,대전,2026/02/17 22:00,0.9,,2,250,63,-5.3,,,,-0.4
133,대전,2026/02/17 23:00,-0.1,,1.4,230,68,-5.3,,,,-0.7
133,대전,2026/02/18 0:00,-0.7,,1.3,200,76,-4.4,,,,-1.1
133,대전,2026/02/18 1:00,-1.2,,1.4,290,76,-4.8,,,,-1.3
133,대전,2026/02/18 2:00,0.2,,2.2,230,80,-2.8,,,,-1.2
133,대전,2026/02/18 3:00,-0.1,,2,230,81,-2.9,,,,-1.3
133,대전,2026/02/18 4:00,-0.2,,2.2,200,82,-2.9,,,,-1.3
133,대전,2026/02/18 5:00,0.3,,3.1,200,80,-2.7,,,,-1.4
133,대전,2026/02/18 6:00,0.6,,3,200,76,-3.1,,,,-1.4
133,대전,2026/02/18 7:00,0.6,,2.1,230,78,-2.8,,,,-1.5
133,대전,2026/02/18 8:00,1.3,,1.7,230,77,-2.2,0.2,0.07,,-1.3
133,대전,2026/02/18 9:00,3.3,,1.6,200,71,-1.4,1,0.56,,-0.7
133,대전,2026/02/18 10:00,5.8,,2.1,180,60,-1.3,1,1.23,,-0.3
133,대전,2026/02/18 11:00,7.5,,3.1,320,37,-6.2,1,1.93,,0.3
133,대전,2026/02/18 12:00,8.5,,3.9,320,30,-8.1,1,2.36,,3.5
133,대전,2026/02/18 13:00,9.9,,3,320,25,-9.2,1,2.53,,6.9
133,대전,2026/02/18 14:00,10.5,,5.8,320,17,-13.5,1,2.55,,8.8
133,대전,2026/02/18 15:00,11.3,,5.2,320,14,-15.3,1,2.26,,7.8
133,대전,2026/02/18 16:00,9.6,,6,320,18,-13.6,1,1.74,,6.2
133,대전,2026/02/18 17:00,7.3,,6.3,320,24,-11.9,1,1.06,,4.7
133,대전,2026/02/18 18:00,5.1,,4.3,320,26,-12.8,0.5,0.31,,2.5
133,대전,2026/02/18 19:00,3.4,,2.5,320,30,-12.5,0,0.01,,0.9
133,대전,2026/02/18 20:00,1.8,,3.6,20,39,-10.7,,,,-0.3
133,대전,2026/02/18 21:00,0.2,,0.6,360,43,-10.9,,,,-0.4
133,대전,2026/02/18 22:00,-0.7,,0.4,0,47,-10.6,,,,-0.8
133,대전,2026/02/18 23:00,-0.9,,1.4,290,49,-10.2,,,,-1.1
133,대전,2026/02/19 0:00,-1.2,,1.3,270,51,-10,,,,-1.4
133,대전,2026/02/19 1:00,-2,,0.5,160,56,-9.6,,,,-1.6
133,대전,2026/02/19 2:00,-2.5,,1,270,59,-9.4,,,,-1.8
133,대전,2026/02/19 3:00,-2.6,,0.7,270,61,-9,,,,-2.2
133,대전,2026/02/19 4:00,-3.6,,1.7,340,64,-9.4,,,,-2.5
133,대전,2026/02/19 5:00,-3.8,,0.8,90,67,-9,,,,-2.8
133,대전,2026/02/19 6:00,-4.2,,0.2,0,70,-8.8,,,,-3
133,대전,2026/02/19 7:00,-4.7,,1.4,320,71,-9.1,,,,-3.3
133,대전,2026/02/19 8:00,-3.8,,1.4,320,69,-8.6,0.6,0.11,,-3
133,대전,2026/02/19 9:00,-0.5,,1.2,140,59,-7.5,1,0.75,,-1.2
133,대전,2026/02/19 10:00,1.8,,1.4,200,50,-7.5,1,1.47,,-0.5
133,대전,2026/02/19 11:00,3.7,,1.8,230,48,-6.3,1,2.09,,-0.2
133,대전,2026/02/19 12:00,4.9,,2.7,200,38,-8.2,1,2.5,,0.5
133,대전,2026/02/19 13:00,6.9,,4.8,200,34,-7.9,1,2.7,,2.1
133,대전,2026/02/19 14:00,8.2,,2.8,200,24,-11.2,1,2.63,,7.5
133,대전,2026/02/19 15:00,8.5,,3.2,180,23,-11.4,1,2.3,,7.2
133,대전,2026/02/19 16:00,9.1,,3.4,200,24,-10.4,1,1.79,,5.9
133,대전,2026/02/19 17:00,8.4,,1.3,180,27,-9.5,1,1.08,,4.8
133,대전,2026/02/19 18:00,7,,2.1,230,32,-8.6,0.6,0.31,,2.9
133,대전,2026/02/19 19:00,5.7,,1.1,230,35,-8.6,0,0,,1.5
133,대전,2026/02/19 20:00,4.5,,1.9,230,41,-7.6,,,,0.6
133,대전,2026/02/19 21:00,3.3,,2.5,200,47,-6.9,,,,-0.1
133,대전,2026/02/19 22:00,2.5,,1.9,180,45,-8.2,,,,-1
133,대전,2026/02/19 23:00,1.2,,1.3,270,50,-8,,,,-0.5
133,대전,2026/02/20 0:00,0.4,,1.2,250,53,-8,,,,-0.8
133,대전,2026/02/20 1:00,-0.2,,0.3,0,58,-7.4,,,,-1
133,대전,2026/02/20 2:00,-1,,0.1,0,62,-7.3,,,,-1.3
133,대전,2026/02/20 3:00,-1.4,,0.2,0,63,-7.5,,,,-1.4
133,대전,2026/02/20 4:00,-1.8,,0.3,0,66,-7.3,,,,-1.6
133,대전,2026/02/20 5:00,-2.4,,0.9,270,67,-7.7,,,,-1.8
133,대전,2026/02/20 6:00,-2.5,,0.6,320,69,-7.4,,,,-2.1
133,대전,2026/02/20 7:00,-2.7,,0,0,71,-7.2,,,,-2.3
133,대전,2026/02/20 8:00,-2.4,,1,320,70,-7.1,0.3,0.09,,-2.1
133,대전,2026/02/20 9:00,0.2,,1.5,340,62,-6.2,1,0.63,,-0.9
133,대전,2026/02/20 10:00,4.4,,1.1,140,48,-5.6,1,1.34,,-0.3
133,대전,2026/02/20 11:00,8,,1.8,140,41,-4.4,1,1.96,,0.2
133,대전,2026/02/20 12:00,12,,2.8,200,34,-3.4,1,2.37,,2.9
133,대전,2026/02/20 13:00,12,,4.5,200,25,-7.4,1,2.61,,7.9
133,대전,2026/02/20 14:00,13.3,,2.8,250,29,-4.3,1,2.53,,10.9
133,대전,2026/02/20 15:00,13.5,,4,200,26,-5.6,1,2.19,,10.2
133,대전,2026/02/20 16:00,13.6,,2.7,250,28,-4.6,1,1.66,,8.8
133,대전,2026/02/20 17:00,12.7,,1.7,250,29,-4.9,1,0.99,,7.5
133,대전,2026/02/20 18:00,11.2,,1.4,270,34,-4.1,0.6,0.31,,5.4
133,대전,2026/02/20 19:00,9.6,,1.1,250,41,-3,0,0,,3.7
133,대전,2026/02/20 20:00,8,,1.1,180,44,-3.5,,,,2.8
133,대전,2026/02/20 21:00,7.5,,2.1,230,46,-3.3,,,,2.1
133,대전,2026/02/20 22:00,6.4,,1.3,230,49,-3.5,,,,1.2
133,대전,2026/02/20 23:00,5.1,,0.9,200,54,-3.4,,,,0.5
133,대전,2026/02/21 0:00,4.3,,1.1,90,58,-3.2,,,,0
133,대전,2026/02/21 1:00,3.1,,1.1,140,63,-3.2,,,,-0.2
133,대전,2026/02/21 2:00,2.3,,0,0,66,-3.4,,,,-0.3
133,대전,2026/02/21 3:00,1.7,,0,0,69,-3.3,,,,-0.5
133,대전,2026/02/21 4:00,1.3,,0,0,71,-3.3,,,,-0.7
133,대전,2026/02/21 5:00,1.3,,0.3,0,73,-3,,,,-0.8
133,대전,2026/02/21 6:00,0.9,,0.3,0,72,-3.5,,,,-1
133,대전,2026/02/21 7:00,0.5,,0.3,0,76,-3.2,,,,-1.1
133,대전,2026/02/21 8:00,0.8,,1.7,340,73,-3.4,0.3,0.1,,-0.9
133,대전,2026/02/21 9:00,4.8,,0.3,0,65,-1.2,1,0.63,,-0.3
133,대전,2026/02/21 10:00,8.9,,0.6,140,48,-1.5,1,1.31,,1.9
133,대전,2026/02/21 11:00,13.5,,1.7,180,36,-1.3,1,1.9,,6.2
133,대전,2026/02/21 12:00,16.6,,1.8,250,30,-1,1,2.32,,9.2
133,대전,2026/02/21 13:00,17.3,,2.2,250,28,-1.4,1,2.51,,12
133,대전,2026/02/21 14:00,18.2,,2.9,230,24,-2.7,1,2.43,,14.3
133,대전,2026/02/21 15:00,18.5,,3.1,200,23,-3,1,2.16,,13.3
133,대전,2026/02/21 16:00,19.2,,3.7,200,22,-3,1,1.68,,12
133,대전,2026/02/21 17:00,18.3,,4.1,200,23,-3.2,1,1,,10.6
133,대전,2026/02/21 18:00,17.2,,3.4,230,23,-4.1,0.6,0.32,,8.9
133,대전,2026/02/21 19:00,15.5,,2.2,250,28,-2.9,0,0.01,,7.3
133,대전,2026/02/21 20:00,14,,2.8,250,34,-1.6,,,,6.7
133,대전,2026/02/21 21:00,13.2,,2.9,200,35,-1.9,,,,6.1
133,대전,2026/02/21 22:00,13.1,,4.5,200,37,-1.2,,,,5.7
133,대전,2026/02/21 23:00,12.8,,3.3,200,36,-1.9,,,,5.3
133,대전,2026/02/22 0:00,11.6,,2.4,200,40,-1.5,,,,4.6
133,대전,2026/02/22 1:00,11.2,,2,230,44,-0.6,,,,4.4
133,대전,2026/02/22 2:00,11.3,,2.6,200,46,0,,,,4.1
133,대전,2026/02/22 3:00,11,,2.3,160,47,0.1,,,,3.7
133,대전,2026/02/22 4:00,11.1,,1.8,110,47,0.1,,,,4.7
133,대전,2026/02/22 5:00,12.2,,3.1,160,49,1.7,,,,5.8
133,대전,2026/02/22 6:00,12.5,,2.3,180,57,4.1,,,,5.4
133,대전,2026/02/22 7:00,11.1,,1.8,110,62,4,,,,4.4
133,대전,2026/02/22 8:00,10.8,,1.5,110,62,3.7,0.1,0.13,,5
133,대전,2026/02/22 9:00,13.1,,1.2,110,55,4.2,0.7,0.55,,7
133,대전,2026/02/22 10:00,14.4,,4,230,62,7.2,0.3,0.62,,9.8
133,대전,2026/02/22 11:00,12.9,,3.3,230,72,7.9,0,0.45,,10.6
133,대전,2026/02/22 12:00,12.6,,2.6,230,70,7.2,0.1,0.91,,12.5
133,대전,2026/02/22 13:00,13.2,,3.9,200,62,6,0.4,1.41,,13.4
133,대전,2026/02/22 14:00,14.2,,3.3,230,49,3.6,1,1.82,,14.2
133,대전,2026/02/22 15:00,14.8,,2.8,270,39,0.9,1,1.65,,13.8
133,대전,2026/02/22 16:00,13.3,,3.3,250,37,-1.1,1,1.25,,12.1
133,대전,2026/02/22 17:00,9.9,,2.9,270,32,-6,1,0.87,,9.2
133,대전,2026/02/22 18:00,7.1,,2.9,290,31,-8.9,0.7,0.34,,6.2
133,대전,2026/02/22 19:00,5.3,,2.3,320,32,-10.1,0,0.02,,4.1
133,대전,2026/02/22 20:00,4,,2.2,290,26,-13.8,,,,2.4
133,대전,2026/02/22 21:00,3.2,,3,320,22,-16.5,,,,1.4
133,대전,2026/02/22 22:00,2.3,,3.4,320,25,-15.7,,,,0.5
133,대전,2026/02/22 23:00,1.5,,1.9,320,35,-12.3,,,,0
133,대전,2026/02/23 0:00,1.2,,1.3,290,37,-11.9,,,,-0.6
133,대전,2026/02/23 1:00,1.2,,1.4,270,39,-11.2,,,,-1
133,대전,2026/02/23 2:00,0,,1.6,320,46,-10.2,,,,-0.7
133,대전,2026/02/23 3:00,-0.9,,1.4,340,51,-9.7,,,,-1.1
133,대전,2026/02/23 4:00,-1.3,,1.3,340,53,-9.6,,,,-1.4
133,대전,2026/02/23 5:00,-1.6,,1.6,290,54,-9.7,,,,-1.6
133,대전,2026/02/23 6:00,-2.2,,1.5,320,58,-9.3,,,,-1.8
133,대전,2026/02/23 7:00,-2.4,,1.6,270,60,-9.1,,,,-2.2
133,대전,2026/02/23 8:00,-1.7,,0.1,0,58,-8.8,0.5,0.13,,-1.8
133,대전,2026/02/23 9:00,2.1,,1,110,46,-8.3,1,0.77,,-0.6
133,대전,2026/02/23 10:00,4.6,,1.3,270,26,-13.3,1,1.44,,-0.2
133,대전,2026/02/23 11:00,5.8,,3.1,360,19,-16.1,1,2.04,,2.3
133,대전,2026/02/23 12:00,7.4,,2.9,320,18,-15.4,1,2.48,,5.7
133,대전,2026/02/23 13:00,8.2,,3,340,18,-14.7,1,2.66,,8.7
133,대전,2026/02/23 14:00,9.2,,1.7,360,16,-15.3,1,2.32,,11.7
133,대전,2026/02/23 15:00,8.8,,3.3,360,16,-15.7,0.1,1.27,,10.4
133,대전,2026/02/23 16:00,8.3,,2.8,340,16,-16.1,0,0.81,,9.2
133,대전,2026/02/23 17:00,7,,3.4,20,16,-17.1,0,0.59,,7.4
133,대전,2026/02/23 18:00,5.3,,2.9,20,18,-17.1,0,0.19,,5.3
133,대전,2026/02/23 19:00,4,,2.3,20,19,-17.6,0,0.01,,3.6
133,대전,2026/02/23 20:00,3.1,,2.2,20,21,-17.1,,,,2.6
133,대전,2026/02/23 21:00,2.5,,1.2,50,23,-16.5,,,,1.9
133,대전,2026/02/23 22:00,1.7,,1.4,340,25,-16.2,,,,1.4
133,대전,2026/02/23 23:00,1.7,,1.6,50,22,-17.8,,,,1.2
133,대전,2026/02/24 0:00,1.3,,1.1,20,24,-17.1,,,,0.8
133,대전,2026/02/24 1:00,1.1,,2.3,20,27,-15.8,,,,0.7
133,대전,2026/02/24 2:00,1.1,,1.2,70,30,-14.5,,,,0.8
133,대전,2026/02/24 3:00,0.7,,0.7,20,32,-14.1,,,,0.3
133,대전,2026/02/24 4:00,0.6,,0.7,340,35,-13.1,,,,0.2
133,대전,2026/02/24 5:00,0.8,,1.3,20,34,-13.3,,,,0.4
133,대전,2026/02/24 6:00,0.8,,1.5,340,38,-11.9,,,,0.7
133,대전,2026/02/24 7:00,1.2,,1.1,340,34,-12.9,,,,0.9
133,대전,2026/02/24 8:00,1.6,,0.7,320,33,-12.9,0,0.01,,1.1
133,대전,2026/02/24 9:00,1.8,,1.1,360,34,-12.4,0,0.05,,1.5
133,대전,2026/02/24 10:00,-1.3,,1.2,140,88,-3,0,0.06,0.9,0.6
133,대전,2026/02/24 11:00,-1,,1.7,340,93,-1.9,0,0.08,2.8,0.6
133,대전,2026/02/24 12:00,-0.3,6.4,0.2,0,94,-1.1,0,0.08,5.5,0.6
133,대전,2026/02/24 13:00,0.1,,0.9,360,93,-0.9,0,0.08,6.7,0.5
133,대전,2026/02/24 14:00,0.9,,0.9,340,94,0,0,0.08,7.6,0.6
133,대전,2026/02/24 15:00,1.1,2.7,1.2,360,92,0,0,0.08,7.7,0.6
133,대전,2026/02/24 16:00,1.6,,0.7,160,89,0,0,0.07,6.9,0.6
133,대전,2026/02/24 17:00,1.4,,0.9,320,92,0.2,0,0.05,6.3,0.6
133,대전,2026/02/24 18:00,1.5,0.2,1.5,90,91,0.1,0,0.06,5.9,0.5
133,대전,2026/02/24 19:00,1.2,,1.8,50,93,0.1,0,0.01,5.6,0.5
133,대전,2026/02/24 20:00,1.1,,1.8,20,94,0.2,,,5.4,0.5
133,대전,2026/02/24 21:00,0.7,,1.8,20,95,0,,,5.4,0.5
133,대전,2026/02/24 22:00,0.7,,1.8,20,95,0,,,5.3,0.6
133,대전,2026/02/24 23:00,0.8,,1.7,20,94,0,,,5.2,0.7
133,대전,2026/02/25 0:00,0.2,,1.2,360,95,-0.5,,,5.2,0.8
133,대전,2026/02/25 1:00,0,,0.9,20,95,-0.7,,,5.1,0.7
133,대전,2026/02/25 2:00,-0.1,,1.1,50,96,-0.6,,,5.1,0.7
133,대전,2026/02/25 3:00,-0.4,,1,270,96,-0.9,,,5.1,0.8
133,대전,2026/02/25 4:00,0.3,,1.3,320,96,-0.2,,,5.1,0.9
133,대전,2026/02/25 5:00,0.6,,1.4,320,95,-0.1,,,5,0.9
133,대전,2026/02/25 6:00,1.8,,2.6,50,92,0.6,,,4.9,0.8
133,대전,2026/02/25 7:00,1.3,,1.3,20,90,-0.1,,,4.8,0.7
133,대전,2026/02/25 8:00,1.8,,0.3,0,89,0.1,0.7,0.17,4.7,0.9
133,대전,2026/02/25 9:00,4.5,,0.7,140,74,0.2,1,0.86,4.4,1.4
133,대전,2026/02/25 10:00,6.4,,0.7,110,66,0.4,1,1.58,3.2,1.7
133,대전,2026/02/25 11:00,8.5,,3.5,110,54,-0.2,1,2.18,1.5,1.9
133,대전,2026/02/25 12:00,9.5,,3.8,110,51,-0.1,1,2.61,,2
133,대전,2026/02/25 13:00,11,,4.2,110,51,1.2,1,2.79,,4.2
133,대전,2026/02/25 14:00,12.1,,5,110,46,0.8,1,2.74,,10.4
133,대전,2026/02/25 15:00,12.2,,5.1,110,42,-0.3,1,2.42,,9.8
133,대전,2026/02/25 16:00,12.2,,5.1,110,41,-0.6,1,1.9,,8.3
133,대전,2026/02/25 17:00,11.3,,4.2,110,46,0,1,1.21,,7.3
133,대전,2026/02/25 18:00,10,,3.6,110,52,0.5,0.7,0.41,,5.8
133,대전,2026/02/25 19:00,9.1,,1.2,90,57,1,0,0.02,,4.5
133,대전,2026/02/25 20:00,7.6,,0,0,63,0.9,,,,3.4
133,대전,2026/02/25 21:00,7.1,,2.1,160,66,1.1,,,,2.8
133,대전,2026/02/25 22:00,7.2,,4.7,140,57,-0.7,,,,2.7
133,대전,2026/02/25 23:00,6.2,,3.8,140,58,-1.4,,,,2
133,대전,2026/02/26 0:00,5.5,,2.9,140,60,-1.6,,,,1.5
133,대전,2026/02/26 1:00,5.3,,3.4,140,62,-1.4,,,,1.3
133,대전,2026/02/26 2:00,5,,2.8,140,63,-1.4,,,,0.8
133,대전,2026/02/26 3:00,3.4,,1.2,340,70,-1.5,,,,0.6
133,대전,2026/02/26 4:00,2.3,,1,70,77,-1.3,,,,0.1
133,대전,2026/02/26 5:00,1.4,,1.6,340,80,-1.6,,,,-0.1
133,대전,2026/02/26 6:00,0.6,,0.2,0,85,-1.6,,,,-0.2
133,대전,2026/02/26 7:00,0.3,,1.3,320,86,-1.7,,,,-0.4
133,대전,2026/02/26 8:00,1.5,,0,0,83,-1,0.7,0.18,,-0.2
133,대전,2026/02/26 9:00,5.4,,0.2,0,68,0,1,0.85,,1
133,대전,2026/02/26 10:00,8.8,,1.7,110,54,0,1,1.56,,4.3
133,대전,2026/02/26 11:00,10.6,,4,160,49,0.3,1,2.06,,7
133,대전,2026/02/26 12:00,12.4,,4.2,140,45,0.7,1,2.26,,9.5
133,대전,2026/02/26 13:00,12.4,,3.6,110,44,0.4,1,2.22,,12.3
133,대전,2026/02/26 14:00,12.6,,4,110,44,0.6,0.3,1.53,,12.6
133,대전,2026/02/26 15:00,12.4,,3.2,110,46,1,0,1.1,,12.1
133,대전,2026/02/26 16:00,11.6,,3.6,110,50,1.5,0,0.68,,10.5
133,대전,2026/02/26 17:00,11.2,,2.8,110,50,1.1,0,0.41,,9.4
133,대전,2026/02/26 18:00,10.1,,2.7,110,54,1.1,0,0.25,,7.6
133,대전,2026/02/26 19:00,9.4,,1.5,90,58,1.5,0,0.01,,6.4
133,대전,2026/02/26 20:00,9.2,,1,90,60,1.8,,,,6.1
133,대전,2026/02/26 21:00,9.1,,1.2,110,60,1.7,,,,6.1
133,대전,2026/02/26 22:00,8.6,,1.5,140,63,1.9,,,,5.8
133,대전,2026/02/26 23:00,8.5,,2.8,110,63,1.8,,,,5.6
133,대전,2026/02/27 0:00,8.2,,3.3,140,65,2,,,,5.4
133,대전,2026/02/27 1:00,7.9,,4.2,140,66,1.9,,,,5.3
133,대전,2026/02/27 2:00,7.7,,2.8,110,68,2.1,,,,5.3
133,대전,2026/02/27 3:00,7.5,0,1.8,140,71,2.5,,,,5.3
133,대전,2026/02/27 4:00,7.2,,0.8,110,73,2.6,,,,5.1
133,대전,2026/02/27 5:00,7.1,,1.3,50,73,2.5,,,,5.1
133,대전,2026/02/27 6:00,6.9,0,1.2,110,75,2.7,,,,5
133,대전,2026/02/27 7:00,7.1,,3.1,140,74,2.7,,,,4.9
133,대전,2026/02/27 8:00,7.4,,3.3,110,73,2.8,0,0.04,,5.3
133,대전,2026/02/27 9:00,8.4,,3.4,140,67,2.6,0,0.34,,7
133,대전,2026/02/27 10:00,9.5,,3.2,160,63,2.7,0,0.66,,8.9
133,대전,2026/02/27 11:00,10.2,,4.7,140,60,2.7,0,0.98,,10.4
133,대전,2026/02/27 12:00,11.1,,3.3,140,58,3.1,0,0.93,,11.6
133,대전,2026/02/27 13:00,11.8,,2.3,140,55,3,0,1.24,,13.1
133,대전,2026/02/27 14:00,10.9,,2.5,50,57,2.7,0,0.8,,11.5
133,대전,2026/02/27 15:00,10.7,,1.2,50,57,2.5,0,0.49,,10.5
133,대전,2026/02/27 16:00,12.1,,1.9,140,52,2.5,0.5,1.15,,11.3
133,대전,2026/02/27 17:00,11.6,,3,110,54,2.5,0.6,0.91,,9.7
133,대전,2026/02/27 18:00,9.9,,1.8,90,60,2.4,0.7,0.4,,7.6
133,대전,2026/02/27 19:00,8.6,,2.5,110,66,2.5,0,0.02,,5.8
133,대전,2026/02/27 20:00,7.9,,0.7,50,69,2.5,,,,4.9
133,대전,2026/02/27 21:00,6.8,,0.8,20,73,2.2,,,,4.3
133,대전,2026/02/27 22:00,6,,0.7,290,76,2,,,,3.5
133,대전,2026/02/27 23:00,5.2,,0.2,0,81,2.1,,,,3
133,대전,2026/02/28 0:00,4.5,,1.1,230,85,2.1,,,,2.5
133,대전,2026/02/28 1:00,3.6,,0.4,0,86,1.4,,,,2
133,대전,2026/02/28 2:00,2.7,,1.7,340,89,1,,,,1.6
133,대전,2026/02/28 3:00,2.5,,0.4,0,92,1.3,,,,1.2
133,대전,2026/02/28 4:00,1.7,,1.3,320,91,0.3,,,,0.9
133,대전,2026/02/28 5:00,1.4,,0,0,93,0.3,,,,0.4
133,대전,2026/02/28 6:00,0.8,,1.5,340,93,-0.2,,,,0.2
133,대전,2026/02/28 7:00,0.4,,0.2,0,94,-0.4,,,,-0.1
133,대전,2026/02/28 8:00,1.4,,0,0,92,0.2,0.5,0.17,,0.2
133,대전,2026/02/28 9:00,4.3,,0.6,360,81,1.3,1,0.8,,2.6
133,대전,2026/02/28 10:00,7.4,,1.8,140,65,1.2,1,1.53,,5
133,대전,2026/02/28 11:00,9.4,,2.8,140,54,0.5,1,2.1,,7.2
133,대전,2026/02/28 12:00,11.5,,2.5,110,48,0.8,1,2.5,,9.4
133,대전,2026/02/28 13:00,13.5,,2.3,140,37,-0.9,1,2.69,,12.4
133,대전,2026/02/28 14:00,13.8,,1.8,50,37,-0.6,1,2.62,,15.1
133,대전,2026/02/28 15:00,15.5,,3.2,110,30,-2,1,2.34,,14
133,대전,2026/02/28 16:00,15.5,,3.8,140,29,-2.4,1,1.83,,11.9
133,대전,2026/02/28 17:00,14.7,,3.5,110,35,-0.6,1,1.14,,10.5
133,대전,2026/02/28 18:00,12.9,,3.2,90,38,-1.1,0.8,0.42,,8.6
133,대전,2026/02/28 19:00,11.6,,2.2,110,43,-0.5,0,0.02,,7.1
133,대전,2026/02/28 20:00,10.4,,5.1,140,53,1.2,,,,6.3
133,대전,2026/02/28 21:00,8.9,,5.8,140,58,1,,,,5.6
133,대전,2026/02/28 22:00,7.7,,5.1,140,62,0.8,,,,5
133,대전,2026/02/28 23:00,7,,4.7,140,63,0.4,,,,4.4
133,대전,2026/03/01 0:00,6.5,,5.4,140,64,0.1,,,,4
